-- MySQL dump 10.13  Distrib 8.0.35, for Linux (x86_64)
--
-- Host: localhost    Database: sales
-- ------------------------------------------------------
-- Server version	8.0.35

/*!40101 SET @OLD_CHARACTER_SET_CLIENT=@@CHARACTER_SET_CLIENT */;
/*!40101 SET @OLD_CHARACTER_SET_RESULTS=@@CHARACTER_SET_RESULTS */;
/*!40101 SET @OLD_COLLATION_CONNECTION=@@COLLATION_CONNECTION */;
/*!50503 SET NAMES utf8mb4 */;
/*!40103 SET @OLD_TIME_ZONE=@@TIME_ZONE */;
/*!40103 SET TIME_ZONE='+00:00' */;
/*!40014 SET @OLD_UNIQUE_CHECKS=@@UNIQUE_CHECKS, UNIQUE_CHECKS=0 */;
/*!40014 SET @OLD_FOREIGN_KEY_CHECKS=@@FOREIGN_KEY_CHECKS, FOREIGN_KEY_CHECKS=0 */;
/*!40101 SET @OLD_SQL_MODE=@@SQL_MODE, SQL_MODE='NO_AUTO_VALUE_ON_ZERO' */;
/*!40111 SET @OLD_SQL_NOTES=@@SQL_NOTES, SQL_NOTES=0 */;

--
-- Current Database: `sales`
--

/*!40000 DROP DATABASE IF EXISTS `sales`*/;

CREATE DATABASE /*!32312 IF NOT EXISTS*/ `sales` /*!40100 DEFAULT CHARACTER SET utf8mb4 COLLATE utf8mb4_0900_ai_ci */ /*!80016 DEFAULT ENCRYPTION='N' */;

USE `sales`;

--
-- Temporary view structure for view `count of sales by customer`
--

DROP TABLE IF EXISTS `count of sales by customer`;
/*!50001 DROP VIEW IF EXISTS `count of sales by customer`*/;
SET @saved_cs_client     = @@character_set_client;
/*!50503 SET character_set_client = utf8mb4 */;
/*!50001 CREATE VIEW `count of sales by customer` AS SELECT 
 1 AS `customer_id`,
 1 AS `year`,
 1 AS `month`,
 1 AS `purchases`*/;
SET character_set_client = @saved_cs_client;

--
-- Table structure for table `customers`
--

DROP TABLE IF EXISTS `customers`;
/*!40101 SET @saved_cs_client     = @@character_set_client */;
/*!50503 SET character_set_client = utf8mb4 */;
CREATE TABLE `customers` (
  `id` char(36) NOT NULL,
  `name` char(100) DEFAULT NULL,
  `phone` char(30) DEFAULT NULL,
  `email` char(100) DEFAULT NULL,
  PRIMARY KEY (`id`)
) ENGINE=InnoDB DEFAULT CHARSET=utf8mb4 COLLATE=utf8mb4_0900_ai_ci;
/*!40101 SET character_set_client = @saved_cs_client */;

--
-- Dumping data for table `customers`
--
-- ORDER BY:  `id`

LOCK TABLES `customers` WRITE;
/*!40000 ALTER TABLE `customers` DISABLE KEYS */;
INSERT INTO `customers` VALUES ('051f6c78-f81b-4ae7-a934-5c5ad00e8af6','Rachael Jones','001-751-519-5615','thomasmelissa@gmail.org'),('08c35b48-4378-4871-8775-bd993dd0a356','Megan Wells','716.664.434325279','mallen@gmail.org'),('0e7d649d-d5b3-46a9-99dc-fa71adffa087','Jessica Smith','(991)239-53420973','davishunter@gmail.org'),('0ed86746-eaed-4c97-80a2-a22858ea05cd','Nicholas Sanford','001-672-384-2285','emilyvincent@gmail.com'),('0faf38e9-ee65-4f44-93d2-acb961624575','Amber Baird','638-920-79396886','browngary@gmail.com'),('1135e9ec-f9f8-4f53-b0a4-1c6da481373e','Derek Francis','523.218.1466','gmeadows@gmail.net'),('1a59664d-75ec-4e0d-a4e2-91c6df50c3b3','Robert Norris','622-776-23805517','tammy65@gmail.org'),('1e2b9ac5-3313-4330-a106-ca0ad8437479','David Carter','308.408.6779934','michael71@gmail.com'),('2ac79cb7-7b13-4417-a44b-9283b6141a40','Darryl Estrada','(425)629-6130','qmorris@gmail.net'),('30a6ccd2-d3d6-492a-a4cd-198d914b8031','John Anderson','+1-995-746-6106137','cookgregory@gmail.com'),('3794d7d9-b147-4703-873a-5d31c46a3d95','Lauren Santiago','474.318.7802','hpatterson@gmail.org'),('3a51cafb-04dc-49c7-bfe0-7f811d13283b','Charles Miller','+1-652-333-946388378','jamiedunn@gmail.org'),('3d13a421-4f90-4935-90e3-c005179de331','Caitlin Arnold','001-233-521-6456','dwalker@gmail.net'),('3fc13a08-d298-4b38-82cc-e5f147a2ff71','Marvin Harrington','654-229-7683','fgonzalez@gmail.org'),('40d2a4e2-8f64-47e9-a696-f33acb5a69ef','Ralph Schaefer','776.888.3635','johnbutler@gmail.com'),('44e038d5-48c0-4d10-aea4-9ab95c9f1984','Kevin Martin','750.562.32217742','taylor71@gmail.com'),('538f3392-fee1-47a5-8dca-330d140b1750','Diane Reilly','7195435255','jennifer98@gmail.net'),('5d55b81b-ad78-4f9d-ad51-294253ff9d69','Robert Williams','+1-568-609-536913651','dthomas@gmail.com'),('5ed30392-5cf2-476f-ad73-c2229279dfea','Phillip Farrell','+1-359-921-73037790','qdavis@gmail.net'),('5f6820b6-8d71-4987-8c9e-94295305309a','Crystal Werner','+1-975-545-344916697','gphillips@gmail.com'),('612ec459-1971-4b6f-ac7a-64b327730fda','Danny Lester','318-851-254703566','gbradley@gmail.com'),('665960dd-544f-4f02-8ee5-070e12ccc6d0','Samantha Lane','+1-721-733-8186609','aelliott@gmail.com'),('714cf5bd-f887-4bb0-8c8e-d37c8fc57ed9','Carl Clark','+1-935-653-28835235','hocory@gmail.net'),('763285f4-634d-4811-a57a-8ea7e05757c8','Cameron Hines','+1-484-911-5285','adrian43@gmail.org'),('76c1051a-975d-47ba-aa8e-052d329023a0','Sean Smith','452-809-5995274','brianevans@gmail.com'),('77de013a-6e4b-4efa-90ac-9e4b65a18cf5','Jesse Dunn','+1-308-222-3859','denniswheeler@gmail.net'),('7a11d204-c115-48c7-9fdc-f6122148cfb7','Rhonda Casey','(237)477-92540558','nicolegonzalez@gmail.com'),('7cb0bffd-8c10-4e09-99d8-e6b82badb6fb','Gregory Roberts','297.399.9000','jleon@gmail.org'),('7ce4c1a0-8205-41de-a240-593cfefca140','Hunter Mora MD','7837101090','evansmichael@gmail.com'),('821a3544-f5f5-4c79-976a-51a5a64be8cb','Derek Taylor','001-604-846-7525077','matthew31@gmail.com'),('82d0b4aa-b35e-4430-9a6e-a3cd72e8c491','Bobby Phillips','223.405.4355','robertapowell@gmail.org'),('8dcc6ad1-b7e3-4ff7-a83a-362a77cad817','Jennifer Duran','+1-925-452-71508763','onealmichael@gmail.org'),('97636c14-5842-4639-b70b-5ffe703b3b0c','Nathan Morrison','790-791-76885472','michael24@gmail.org'),('ac40626d-0f62-47d2-a8c7-ba3d0dc0b8fd','Ronald Rogers','387-589-48592761','dawnbooth@gmail.com'),('ad217cd0-0359-453d-b2ba-68e2d1101043','Adam Herrera','(320)737-6771211','ygallegos@gmail.com'),('af1ff83c-c808-41d3-a3fe-0b6db514fab0','Crystal Stevenson','001-754-317-75798767','glewis@gmail.net'),('b153bf67-1310-4675-bf23-b56b709d1657','Sarah Bowen','350.575.2963','williamthomas@gmail.org'),('b4bccee7-8ae6-4624-bd84-a98ad13710ff','Vincent Walker','+1-273-599-3187562','tylerjohnson@gmail.com'),('ba52d612-8555-46f2-8050-a1fef8a78439','Brian Wood','815-939-514781101','chapmansherry@gmail.com'),('cabb5150-dbaf-4ba7-bed5-3eed95beacdf','Alyssa Boyd','001-833-577-0979299','ahill@gmail.com'),('cc47cb10-b758-40ad-be2f-a7da9bffa1f0','Madison Wilcox','001-439-470-46586807','reginaturner@gmail.com'),('d4f655c4-4c4c-4914-b700-943ce16eba5a','Jeremy Martinez','766.665.1896','vincent86@gmail.com'),('d6591a88-04aa-4d08-8b9a-4a2027c98c38','Samuel English','+1-501-658-3345938','wilsonkatelyn@gmail.org'),('de4f8bdb-7678-4f30-ad05-501fcc4146de','Sandra Martin','420-775-398555933','washingtonethan@gmail.com'),('e21ac68a-b78d-4565-a0a0-6736e997300e','Christina Richardson','453-931-0538','obrooks@gmail.com'),('e866fa0f-4938-4b37-8522-08e38a78b073','Michael Young','(612)675-57780540','alejandroowen@gmail.com'),('e97572e6-9ac5-4b1e-b0b1-bf8710d5f980','Joshua Peck','473.655.1795528','carrolljason@gmail.com'),('eae48d90-7d36-4aae-a187-26cc2ffe64f4','Sheena Thomas','+1-213-408-72683231','eguzman@gmail.net'),('ef4b84f2-98ed-439d-84d4-425fa91d9383','Cynthia Hansen','(586)838-0919762','robinsonlisa@gmail.com'),('ffe143b7-6839-41df-89bf-5aa48e2d5694','Lori Schultz','7024696171','haydenvega@gmail.net');
/*!40000 ALTER TABLE `customers` ENABLE KEYS */;
UNLOCK TABLES;

--
-- Temporary view structure for view `new customers by month`
--

DROP TABLE IF EXISTS `new customers by month`;
/*!50001 DROP VIEW IF EXISTS `new customers by month`*/;
SET @saved_cs_client     = @@character_set_client;
/*!50503 SET character_set_client = utf8mb4 */;
/*!50001 CREATE VIEW `new customers by month` AS SELECT 
 1 AS `year`,
 1 AS `month`,
 1 AS `new_customers`*/;
SET character_set_client = @saved_cs_client;

--
-- Table structure for table `rate`
--

DROP TABLE IF EXISTS `rate`;
/*!40101 SET @saved_cs_client     = @@character_set_client */;
/*!50503 SET character_set_client = utf8mb4 */;
CREATE TABLE `rate` (
  `name` char(100) DEFAULT NULL,
  `price` decimal(10,2) DEFAULT NULL
) ENGINE=InnoDB DEFAULT CHARSET=utf8mb4 COLLATE=utf8mb4_0900_ai_ci;
/*!40101 SET character_set_client = @saved_cs_client */;

--
-- Dumping data for table `rate`
--

LOCK TABLES `rate` WRITE;
/*!40000 ALTER TABLE `rate` DISABLE KEYS */;
INSERT INTO `rate` VALUES ('blackberry',19.20),('cashew nuts',7.67),('lemon',9.62),('dry grapes',32.50),('strawberry',8.86),('blueberry',9.50),('banana',8.88),('apple',4.33),('soyabean',22.33),('brinjal',34.50),('pumpkin seeds',2.00),('butter',15.50),('ghee',5.67),('pistachio',13.00),('cucumber',5.33),('curd',10.43),('milk',11.50),('almonds',11.25),('dates',4.33),('sunflower seeds',23.00),('rice',7.40),('carrot',6.12);
/*!40000 ALTER TABLE `rate` ENABLE KEYS */;
UNLOCK TABLES;

--
-- Table structure for table `transactions`
--

DROP TABLE IF EXISTS `transactions`;
/*!40101 SET @saved_cs_client     = @@character_set_client */;
/*!50503 SET character_set_client = utf8mb4 */;
CREATE TABLE `transactions` (
  `saledate` date DEFAULT NULL,
  `transactionid` char(36) NOT NULL,
  `customer_id` char(36) DEFAULT NULL,
  `item` char(100) DEFAULT NULL,
  `rate` decimal(10,2) DEFAULT NULL,
  `quantity` decimal(10,2) DEFAULT NULL,
  `total` decimal(10,2) DEFAULT NULL,
  PRIMARY KEY (`transactionid`),
  KEY `customer_id` (`customer_id`),
  CONSTRAINT `transactions_ibfk_1` FOREIGN KEY (`customer_id`) REFERENCES `customers` (`id`) ON DELETE CASCADE ON UPDATE CASCADE
) ENGINE=InnoDB DEFAULT CHARSET=utf8mb4 COLLATE=utf8mb4_0900_ai_ci;
/*!40101 SET character_set_client = @saved_cs_client */;

--
-- Dumping data for table `transactions`
--
-- ORDER BY:  `transactionid`

LOCK TABLES `transactions` WRITE;
/*!40000 ALTER TABLE `transactions` DISABLE KEYS */;
INSERT INTO `transactions` VALUES ('2023-02-06','005ea478-8ca4-4aa4-9143-0cbc0013a53a','3fc13a08-d298-4b38-82cc-e5f147a2ff71','sunflower seeds',23.00,1.17,26.91),('2023-09-24','00ca2f51-c16d-4e30-bb12-35f36a7150b2','1e2b9ac5-3313-4330-a106-ca0ad8437479','curd',10.43,2.14,22.32),('2023-03-13','01447454-bba2-4dbc-ad3c-7594ec1f0832','ef4b84f2-98ed-439d-84d4-425fa91d9383','milk',11.50,5.50,63.25),('2023-11-21','01980bea-96da-4523-a88d-6361432138c0','714cf5bd-f887-4bb0-8c8e-d37c8fc57ed9','cashew nuts',7.67,5.00,38.35),('2023-07-28','01a529fc-5988-4c5d-8e55-a09d578416ea','7ce4c1a0-8205-41de-a240-593cfefca140','pistachio',13.00,0.38,4.94),('2023-08-31','01c8433f-6d68-49a3-bfe6-171ac5ba3b08','0ed86746-eaed-4c97-80a2-a22858ea05cd','pumpkin seeds',2.00,7.00,14.00),('2023-07-15','01f85383-163e-4025-9e3c-ffd4285cd479','b153bf67-1310-4675-bf23-b56b709d1657','brinjal',34.50,1.33,45.89),('2023-02-04','0236726a-407a-4ba6-8fb4-ae574a861769','82d0b4aa-b35e-4430-9a6e-a3cd72e8c491','sunflower seeds',23.00,0.86,19.78),('2023-05-26','023f4743-2a72-434e-a260-ef8d57d83a50','d6591a88-04aa-4d08-8b9a-4a2027c98c38','carrot',6.12,0.80,4.90),('2023-07-30','0246a8ca-6aed-4652-b5f9-4a4a43cf2ae2','ffe143b7-6839-41df-89bf-5aa48e2d5694','milk',11.50,1.14,13.11),('2023-09-11','02b9ee68-2157-4dd3-b94f-aa501fc303bc','763285f4-634d-4811-a57a-8ea7e05757c8','cashew nuts',7.67,0.50,3.84),('2023-08-26','02ffa9ef-68c5-4d4c-9ddf-c1b72377b2c5','7cb0bffd-8c10-4e09-99d8-e6b82badb6fb','pumpkin seeds',2.00,4.00,8.00),('2023-04-14','03104834-cd5b-45fb-803e-4f89c17ea808','3d13a421-4f90-4935-90e3-c005179de331','milk',11.50,1.75,20.13),('2023-09-22','0318047c-a3e2-48e7-aef9-54f519e15c1f','1e2b9ac5-3313-4330-a106-ca0ad8437479','sunflower seeds',23.00,1.71,39.33),('2023-05-28','0336e3d0-dbfc-4817-9d43-a7297d378b07','612ec459-1971-4b6f-ac7a-64b327730fda','blackberry',19.20,1.60,30.72),('2023-11-23','03605402-417d-41ed-b311-1a0a0cbbb10a','82d0b4aa-b35e-4430-9a6e-a3cd72e8c491','almonds',11.25,0.62,6.98),('2023-04-01','03dedf0c-7b75-4f20-b533-c605b84f17e7','0e7d649d-d5b3-46a9-99dc-fa71adffa087','rice',7.40,4.50,33.30),('2023-04-30','0418af17-23fe-44da-b7cf-38159a32c38a','de4f8bdb-7678-4f30-ad05-501fcc4146de','pistachio',13.00,0.33,4.29),('2023-08-17','04702797-3931-4702-a283-da187c2723e0','1e2b9ac5-3313-4330-a106-ca0ad8437479','soyabean',22.33,1.00,22.33),('2023-09-09','0503b5a7-46c0-4af8-b981-8276038caca7','5ed30392-5cf2-476f-ad73-c2229279dfea','milk',11.50,2.50,28.75),('2023-08-14','052f7261-cd58-4d83-af75-a40b34ed94f6','763285f4-634d-4811-a57a-8ea7e05757c8','cashew nuts',7.67,2.40,18.41),('2023-05-12','055b4268-ece7-4cb5-a729-eb93f73c544d','1e2b9ac5-3313-4330-a106-ca0ad8437479','sunflower seeds',23.00,1.12,25.76),('2023-11-08','0562c39d-6358-4e5e-8942-0ed7ec6b0b95','b4bccee7-8ae6-4624-bd84-a98ad13710ff','curd',10.43,3.33,34.73),('2023-08-19','0596d212-3fc7-4db3-87f9-7d547e3c3546','3794d7d9-b147-4703-873a-5d31c46a3d95','pistachio',13.00,3.00,39.00),('2023-12-07','059f642c-d18e-4e14-b1a9-43e49f515b08','cc47cb10-b758-40ad-be2f-a7da9bffa1f0','pumpkin seeds',2.00,0.60,1.20),('2023-01-28','05c4b4db-01e6-4108-8354-f3c2e8c794b3','e97572e6-9ac5-4b1e-b0b1-bf8710d5f980','butter',15.50,2.75,42.63),('2023-05-26','05ea0407-232c-4457-9177-72eb54c8a209','665960dd-544f-4f02-8ee5-070e12ccc6d0','lemon',9.62,1.71,16.45),('2023-09-21','06171e07-eb36-4d97-a783-ffa72b9e2f29','051f6c78-f81b-4ae7-a934-5c5ad00e8af6','soyabean',22.33,2.67,59.62),('2023-12-01','063f08ca-0254-451e-8c76-bccdccfa79b4','7ce4c1a0-8205-41de-a240-593cfefca140','apple',4.33,1.00,4.33),('2023-10-26','06871497-7d23-4021-9278-3671aefa6fc2','e866fa0f-4938-4b37-8522-08e38a78b073','lemon',9.62,1.71,16.45),('2023-03-30','068dc464-d95f-4a8f-a448-640c06fadb6a','2ac79cb7-7b13-4417-a44b-9283b6141a40','blueberry',9.50,0.57,5.42),('2023-10-05','06d3841a-bb91-4f03-9dca-55ab340376cc','e866fa0f-4938-4b37-8522-08e38a78b073','strawberry',8.86,1.00,8.86),('2023-04-17','0808b50f-428f-416c-958a-d9f8a137957f','051f6c78-f81b-4ae7-a934-5c5ad00e8af6','butter',15.50,2.67,41.39),('2023-11-04','08c77d0c-5f25-4540-b8a4-a70db8acd3b5','8dcc6ad1-b7e3-4ff7-a83a-362a77cad817','soyabean',22.33,2.14,47.79),('2023-10-14','08e16032-ace2-4492-9899-9139113d37da','7a11d204-c115-48c7-9fdc-f6122148cfb7','curd',10.43,1.50,15.65),('2023-04-08','090bcf93-d412-4035-a4cd-4491657dd00f','1a59664d-75ec-4e0d-a4e2-91c6df50c3b3','carrot',6.12,1.00,6.12),('2023-08-10','09469fce-a304-4f8d-8310-a0582236372c','b153bf67-1310-4675-bf23-b56b709d1657','banana',8.88,3.00,26.64),('2023-06-21','09740629-12bd-4407-9993-3bcbd66f40fa','82d0b4aa-b35e-4430-9a6e-a3cd72e8c491','brinjal',34.50,1.67,57.62),('2023-09-19','0993580f-f214-420b-93ef-6d7c4e72805c','cc47cb10-b758-40ad-be2f-a7da9bffa1f0','sunflower seeds',23.00,4.50,103.50),('2023-02-26','09b8a642-a602-431a-958e-c1f7ef6808b2','0faf38e9-ee65-4f44-93d2-acb961624575','carrot',6.12,1.25,7.65),('2023-10-22','09deb396-8bd8-418b-9b89-97a1a7e97ba0','82d0b4aa-b35e-4430-9a6e-a3cd72e8c491','cashew nuts',7.67,1.00,7.67),('2023-04-26','0a1f97cf-832c-4505-b017-17a67c348945','2ac79cb7-7b13-4417-a44b-9283b6141a40','pistachio',13.00,0.38,4.94),('2023-08-12','0a5e74af-5592-400e-8a73-51950c82ce34','82d0b4aa-b35e-4430-9a6e-a3cd72e8c491','ghee',5.67,0.80,4.54),('2023-05-21','0ae1261e-ad79-4256-9110-10ddc5bb1611','ffe143b7-6839-41df-89bf-5aa48e2d5694','brinjal',34.50,2.50,86.25),('2023-05-11','0b59c796-7b05-4dd0-aa00-582f481c7f17','af1ff83c-c808-41d3-a3fe-0b6db514fab0','pumpkin seeds',2.00,0.33,0.66),('2023-07-13','0b751d7f-5981-4e30-bbf2-47ce9ab16106','0e7d649d-d5b3-46a9-99dc-fa71adffa087','milk',11.50,1.40,16.10),('2023-06-12','0c6ef1a3-00d6-49c1-a35e-72e5fdfcf12f','ad217cd0-0359-453d-b2ba-68e2d1101043','blueberry',9.50,1.00,9.50),('2023-10-16','0d0211f1-72e6-4b5d-9e9d-9e89b0d00454','d4f655c4-4c4c-4914-b700-943ce16eba5a','butter',15.50,1.71,26.51),('2023-04-28','0d1a4ccf-694b-4161-94ce-e0a6175a842a','714cf5bd-f887-4bb0-8c8e-d37c8fc57ed9','blueberry',9.50,1.40,13.30),('2023-09-08','0d2cf92e-eb32-463a-918f-e5ba28e6aab6','714cf5bd-f887-4bb0-8c8e-d37c8fc57ed9','sunflower seeds',23.00,0.88,20.24),('2023-02-28','0d448e0a-2272-4be2-a860-4545e038ac1a','0ed86746-eaed-4c97-80a2-a22858ea05cd','almonds',11.25,2.33,26.21),('2023-01-23','0d4a9534-b151-4081-935b-ef42ea015e07','0ed86746-eaed-4c97-80a2-a22858ea05cd','blackberry',19.20,2.75,52.80),('2023-03-17','0d500c7f-2e35-439b-bff5-37da1138797b','ad217cd0-0359-453d-b2ba-68e2d1101043','banana',8.88,2.14,19.00),('2023-09-08','0d756498-e888-424d-b1de-656976ee40e8','1135e9ec-f9f8-4f53-b0a4-1c6da481373e','lemon',9.62,1.75,16.84),('2023-03-31','0dfdbedf-635e-41fe-beaf-1a6dcd945285','0faf38e9-ee65-4f44-93d2-acb961624575','soyabean',22.33,1.00,22.33),('2023-09-12','0e137b74-6a22-43d9-bf8a-c1a2e0bf1110','ffe143b7-6839-41df-89bf-5aa48e2d5694','dry grapes',32.50,1.20,39.00),('2023-10-07','0e799414-9151-4e37-adc9-1a6bcb05280e','5f6820b6-8d71-4987-8c9e-94295305309a','carrot',6.12,0.67,4.10),('2023-07-18','0ed14f6e-5177-4e47-aa75-7bc13f615c25','30a6ccd2-d3d6-492a-a4cd-198d914b8031','lemon',9.62,1.00,9.62),('2022-12-30','0ef1aded-fc5a-46b9-8340-8b6841d3326a','5ed30392-5cf2-476f-ad73-c2229279dfea','apple',4.33,0.12,0.52),('2023-02-21','0f0d0d6f-b53d-4ecc-826e-c3f71c27dd0f','8dcc6ad1-b7e3-4ff7-a83a-362a77cad817','cashew nuts',7.67,5.00,38.35),('2023-11-04','0f8db8d6-1f03-4d46-8846-4abbe316b0a3','538f3392-fee1-47a5-8dca-330d140b1750','banana',8.88,2.75,24.42),('2023-09-18','0f907a91-db6f-40cb-970f-265eccfc8dc4','e866fa0f-4938-4b37-8522-08e38a78b073','apple',4.33,3.00,12.99),('2023-07-23','0fcbdaac-4c58-445d-9eca-6fa1cdd6a22a','3fc13a08-d298-4b38-82cc-e5f147a2ff71','apple',4.33,0.83,3.59),('2022-12-16','1007f120-6454-4e21-9ff9-793c1c133eac','821a3544-f5f5-4c79-976a-51a5a64be8cb','blackberry',19.20,1.50,28.80),('2023-08-27','1011a93e-1494-4836-8e1c-3bc05fee2fcd','de4f8bdb-7678-4f30-ad05-501fcc4146de','brinjal',34.50,4.00,138.00),('2023-04-25','101a35dc-7c7b-4489-a17e-3984b426acf4','538f3392-fee1-47a5-8dca-330d140b1750','almonds',11.25,2.60,29.25),('2022-12-29','103de878-a81e-43ff-9897-c5c0466af415','7ce4c1a0-8205-41de-a240-593cfefca140','sunflower seeds',23.00,1.25,28.75),('2023-10-06','1058e21d-0e80-4250-8735-02530ca8ddc7','eae48d90-7d36-4aae-a187-26cc2ffe64f4','cashew nuts',7.67,1.67,12.81),('2023-07-25','10ac2b03-c285-4342-82cb-2e7bbd53df78','0e7d649d-d5b3-46a9-99dc-fa71adffa087','cashew nuts',7.67,1.50,11.51),('2023-01-30','118f0514-4888-43f8-83f8-648658fff7dd','e21ac68a-b78d-4565-a0a0-6736e997300e','brinjal',34.50,2.00,69.00),('2023-03-26','119b4af8-aa30-4296-87a5-9a8bef15c972','77de013a-6e4b-4efa-90ac-9e4b65a18cf5','dates',4.33,5.50,23.82),('2023-07-12','11bed091-8516-4de9-9cb9-4a93e4739241','ef4b84f2-98ed-439d-84d4-425fa91d9383','pumpkin seeds',2.00,2.17,4.34),('2023-04-10','11c7b50e-6b84-4876-bad1-7774cd475dbb','612ec459-1971-4b6f-ac7a-64b327730fda','pumpkin seeds',2.00,1.71,3.42),('2023-04-19','11f98aaf-7a06-4c2d-a6d6-c407b8685f55','77de013a-6e4b-4efa-90ac-9e4b65a18cf5','carrot',6.12,0.50,3.06),('2023-08-05','1251563e-1044-46ef-83e9-48f263c0e921','1e2b9ac5-3313-4330-a106-ca0ad8437479','banana',8.88,7.50,66.60),('2023-04-08','12591fc1-3567-4282-9259-aaff03fe8860','2ac79cb7-7b13-4417-a44b-9283b6141a40','blueberry',9.50,2.25,21.38),('2023-04-17','125b6ca0-4d0a-46de-a578-5defb481ccce','82d0b4aa-b35e-4430-9a6e-a3cd72e8c491','rice',7.40,1.33,9.84),('2023-10-13','1284bcbc-1579-4bc2-a5e0-8aabb83f2300','97636c14-5842-4639-b70b-5ffe703b3b0c','curd',10.43,3.50,36.51),('2023-03-23','130cfa33-8d0e-4b0c-8f32-f5566ec90172','d6591a88-04aa-4d08-8b9a-4a2027c98c38','butter',15.50,0.12,1.86),('2023-04-11','131c84d1-a85e-4be2-8c36-22ef4d1846e9','0e7d649d-d5b3-46a9-99dc-fa71adffa087','milk',11.50,2.00,23.00),('2023-01-04','13b91d53-ab50-4ad8-905b-37701c8c1b4c','612ec459-1971-4b6f-ac7a-64b327730fda','apple',4.33,1.50,6.50),('2023-01-23','13c5f5c9-7f59-414b-965f-40273e9daedf','051f6c78-f81b-4ae7-a934-5c5ad00e8af6','blueberry',9.50,0.57,5.42),('2023-02-17','144693f8-ee3b-44c1-bd7b-3f38181f4ca8','30a6ccd2-d3d6-492a-a4cd-198d914b8031','lemon',9.62,2.00,19.24),('2023-11-19','145ba8a2-0bbf-44ae-8533-4fbe5abee1c0','b153bf67-1310-4675-bf23-b56b709d1657','lemon',9.62,0.62,5.96),('2023-05-03','145eae9c-8ffb-4893-977e-3b04be076c3b','cc47cb10-b758-40ad-be2f-a7da9bffa1f0','cashew nuts',7.67,2.20,16.87),('2023-03-30','14906742-2900-470a-bd26-b00f32a677c4','8dcc6ad1-b7e3-4ff7-a83a-362a77cad817','cucumber',5.33,1.00,5.33),('2023-02-19','14acad1f-d8c0-4978-887b-f4f7f70c866a','e21ac68a-b78d-4565-a0a0-6736e997300e','curd',10.43,3.00,31.29),('2023-11-25','1560a4e4-ea01-4f14-9428-5e28c4a1b96d','2ac79cb7-7b13-4417-a44b-9283b6141a40','blueberry',9.50,0.38,3.61),('2023-03-11','1589d155-6c26-4d8a-a173-3055a58642aa','d6591a88-04aa-4d08-8b9a-4a2027c98c38','banana',8.88,2.50,22.20),('2023-06-29','15a066e1-4f2c-421b-b9a4-2291043d4b3c','7cb0bffd-8c10-4e09-99d8-e6b82badb6fb','dates',4.33,2.33,10.09),('2023-03-25','15a2e2c3-73e4-454c-93bf-16029d22b693','b153bf67-1310-4675-bf23-b56b709d1657','carrot',6.12,0.12,0.73),('2023-03-17','15b630d8-17e5-45e6-9d05-f7a108cbdcf3','665960dd-544f-4f02-8ee5-070e12ccc6d0','butter',15.50,1.75,27.13),('2023-02-12','15c620e5-f950-4765-a772-82b5937b378a','d6591a88-04aa-4d08-8b9a-4a2027c98c38','blueberry',9.50,2.80,26.60),('2023-06-27','15f04651-b511-45df-8a39-b81ce081de5f','de4f8bdb-7678-4f30-ad05-501fcc4146de','dry grapes',32.50,2.00,65.00),('2023-01-18','16819c5e-aa8b-4e45-845c-3601edb7c937','e97572e6-9ac5-4b1e-b0b1-bf8710d5f980','almonds',11.25,0.50,5.63),('2023-05-13','169ba86f-9231-46e9-ac0b-2e2d63bd61a5','538f3392-fee1-47a5-8dca-330d140b1750','soyabean',22.33,3.00,66.99),('2023-01-21','16f5c6df-f0b8-4d25-8bb2-9f936578c990','de4f8bdb-7678-4f30-ad05-501fcc4146de','pumpkin seeds',2.00,2.14,4.28),('2023-05-13','172faec4-8867-40c3-b458-d7aae35fa233','eae48d90-7d36-4aae-a187-26cc2ffe64f4','strawberry',8.86,2.50,22.15),('2023-05-22','17712543-7073-49e3-b69a-f18618eec3ba','eae48d90-7d36-4aae-a187-26cc2ffe64f4','dry grapes',32.50,1.00,32.50),('2023-04-19','177e111a-047d-4d25-9074-ff4d1c0e1e17','2ac79cb7-7b13-4417-a44b-9283b6141a40','pumpkin seeds',2.00,3.25,6.50),('2023-03-30','182f3fcf-6979-4550-8f5b-4524f16a71c6','cc47cb10-b758-40ad-be2f-a7da9bffa1f0','pistachio',13.00,0.57,7.41),('2023-11-24','1839ca6d-f6ff-4d21-b49b-675c11f977ac','b153bf67-1310-4675-bf23-b56b709d1657','dry grapes',32.50,1.00,32.50),('2023-11-20','185768c0-4b5e-4bb7-b475-50cde494630b','cc47cb10-b758-40ad-be2f-a7da9bffa1f0','sunflower seeds',23.00,0.43,9.89),('2023-07-01','18602d17-a9a1-421a-843b-14492c3183c6','0e7d649d-d5b3-46a9-99dc-fa71adffa087','butter',15.50,2.20,34.10),('2023-07-21','1874f53e-e538-439b-8999-1fc7ff4f4963','3d13a421-4f90-4935-90e3-c005179de331','almonds',11.25,0.38,4.28),('2022-12-29','18a75139-6dd2-4c49-9dd7-7b7874c5c58d','08c35b48-4378-4871-8775-bd993dd0a356','pumpkin seeds',2.00,0.50,1.00),('2023-06-22','18b39fef-57d8-4590-8333-c4c844a90ee6','08c35b48-4378-4871-8775-bd993dd0a356','sunflower seeds',23.00,1.00,23.00),('2023-07-16','18c5492f-1498-44e4-a546-935c5a151b5a','5d55b81b-ad78-4f9d-ad51-294253ff9d69','sunflower seeds',23.00,6.00,138.00),('2023-08-23','18c6652b-ee14-4c2f-9dd8-60e2f1ac5dd4','1a59664d-75ec-4e0d-a4e2-91c6df50c3b3','pumpkin seeds',2.00,0.67,1.34),('2023-09-25','19025d6b-ebf2-4139-a3d8-910876b31254','ef4b84f2-98ed-439d-84d4-425fa91d9383','carrot',6.12,0.75,4.59),('2023-07-04','19f98c6f-ee0d-4703-b9a2-342fad268c26','3794d7d9-b147-4703-873a-5d31c46a3d95','almonds',11.25,3.00,33.75),('2023-06-01','1a16132e-0cbb-44f0-906d-0071cc753695','3a51cafb-04dc-49c7-bfe0-7f811d13283b','rice',7.40,4.00,29.60),('2023-07-31','1a566ce5-2400-41ed-8ddd-b245d1300117','665960dd-544f-4f02-8ee5-070e12ccc6d0','pistachio',13.00,1.17,15.21),('2023-05-20','1aa95e87-4a8c-427a-9f76-f5358e5690a9','ba52d612-8555-46f2-8050-a1fef8a78439','dry grapes',32.50,3.00,97.50),('2023-05-05','1b037be3-a116-4ccd-aab4-88c38f546cdb','ef4b84f2-98ed-439d-84d4-425fa91d9383','lemon',9.62,0.75,7.22),('2023-09-27','1b187bcb-249b-46ad-94ff-171b46273880','e866fa0f-4938-4b37-8522-08e38a78b073','milk',11.50,0.88,10.12),('2023-03-14','1b26124f-284f-4a86-ae5f-b15a0998eeb6','de4f8bdb-7678-4f30-ad05-501fcc4146de','dates',4.33,1.71,7.40),('2023-07-05','1b2bd3c2-fd81-433c-b821-00b1d88a690e','af1ff83c-c808-41d3-a3fe-0b6db514fab0','apple',4.33,1.00,4.33),('2023-09-09','1b5da5a9-17f2-4718-874a-63d3414819e0','0faf38e9-ee65-4f44-93d2-acb961624575','apple',4.33,3.75,16.24),('2023-09-06','1be8a5f3-a963-4c36-8b95-f71e0f35878c','0e7d649d-d5b3-46a9-99dc-fa71adffa087','pumpkin seeds',2.00,2.50,5.00),('2023-09-30','1c09cd62-c710-4f13-875d-138721de8ee4','1a59664d-75ec-4e0d-a4e2-91c6df50c3b3','apple',4.33,2.00,8.66),('2023-11-01','1c9d2ec7-081a-4ff5-8d7c-1e67b689ef9d','1a59664d-75ec-4e0d-a4e2-91c6df50c3b3','soyabean',22.33,0.17,3.80),('2023-02-21','1d4f203c-e341-4aaf-b999-fcec9cb19101','1e2b9ac5-3313-4330-a106-ca0ad8437479','strawberry',8.86,1.75,15.51),('2023-03-07','1dcc1267-7c14-4719-b1ee-6989f26262a9','97636c14-5842-4639-b70b-5ffe703b3b0c','strawberry',8.86,1.80,15.95),('2023-09-05','1e2f298f-b459-4476-906b-caeccdc8a9ad','665960dd-544f-4f02-8ee5-070e12ccc6d0','pumpkin seeds',2.00,0.33,0.66),('2023-05-10','1e37064d-b2db-4b4f-b661-925f85d228b8','ba52d612-8555-46f2-8050-a1fef8a78439','rice',7.40,1.20,8.88),('2023-03-24','1e655cfb-8e32-43e1-9eae-93da4b96d45a','1a59664d-75ec-4e0d-a4e2-91c6df50c3b3','blueberry',9.50,2.00,19.00),('2023-09-19','1e94cfa2-d1fe-4e9c-afa2-c68fa4cda6f7','8dcc6ad1-b7e3-4ff7-a83a-362a77cad817','sunflower seeds',23.00,0.33,7.59),('2022-12-13','1ece43be-459a-4fd4-9f15-2eb6fb14d737','0ed86746-eaed-4c97-80a2-a22858ea05cd','dry grapes',32.50,2.60,84.50),('2023-05-14','1eec1f6d-c249-47d0-91cd-5953927506d2','5f6820b6-8d71-4987-8c9e-94295305309a','lemon',9.62,2.00,19.24),('2023-07-17','1f1d813c-49c9-48be-ad88-02326d1cb181','1135e9ec-f9f8-4f53-b0a4-1c6da481373e','cucumber',5.33,4.00,21.32),('2023-05-30','1f3510c8-2222-4e13-94f9-55b5fe2233d2','cabb5150-dbaf-4ba7-bed5-3eed95beacdf','blackberry',19.20,0.71,13.63),('2023-03-20','1f4f5ffe-6517-41d0-9085-67d6117ee3ad','d6591a88-04aa-4d08-8b9a-4a2027c98c38','blackberry',19.20,3.00,57.60),('2023-01-19','1f94a6d3-3b53-4b10-9525-017b3449ccc2','3d13a421-4f90-4935-90e3-c005179de331','sunflower seeds',23.00,1.00,23.00),('2022-12-18','1fa0eb32-7803-4637-8d34-00be8689512e','763285f4-634d-4811-a57a-8ea7e05757c8','cucumber',5.33,3.00,15.99),('2023-08-05','1fbbcc28-8889-4206-a60f-14d04dca7415','77de013a-6e4b-4efa-90ac-9e4b65a18cf5','sunflower seeds',23.00,1.67,38.41),('2023-10-23','21285523-99ca-4737-a2ec-efe868e6bc39','3a51cafb-04dc-49c7-bfe0-7f811d13283b','dry grapes',32.50,1.67,54.28),('2023-10-20','215c0e37-4810-4630-bc6f-68885bf4d6e8','3794d7d9-b147-4703-873a-5d31c46a3d95','dates',4.33,0.83,3.59),('2023-09-01','21b49639-3a50-4c30-a193-6f4e9b9e1b04','08c35b48-4378-4871-8775-bd993dd0a356','milk',11.50,1.57,18.06),('2023-07-08','21f041dd-8767-4a6f-97ca-ae126ba7d494','d4f655c4-4c4c-4914-b700-943ce16eba5a','dates',4.33,0.86,3.72),('2022-12-09','21f28f56-831f-4b49-b608-585e1d2e72d5','7cb0bffd-8c10-4e09-99d8-e6b82badb6fb','blueberry',9.50,3.00,28.50),('2023-05-12','22893c39-c60e-4600-8ce7-5b64b4f58390','7cb0bffd-8c10-4e09-99d8-e6b82badb6fb','ghee',5.67,1.00,5.67),('2023-04-15','22bb7a3a-eeee-48de-87b3-82d1db7d3869','e97572e6-9ac5-4b1e-b0b1-bf8710d5f980','strawberry',8.86,1.38,12.23),('2023-02-25','22c0b655-1bee-492f-9911-a2e929f1f7be','0e7d649d-d5b3-46a9-99dc-fa71adffa087','pumpkin seeds',2.00,0.33,0.66),('2023-06-06','22c145ca-42f3-45d4-98b8-b98f27474488','de4f8bdb-7678-4f30-ad05-501fcc4146de','cashew nuts',7.67,0.57,4.37),('2023-09-26','22f6a3a8-5562-4838-ae38-0a90a84b9464','e21ac68a-b78d-4565-a0a0-6736e997300e','brinjal',34.50,1.14,39.33),('2023-09-04','230957ea-d691-4593-9726-fd90567102a6','538f3392-fee1-47a5-8dca-330d140b1750','lemon',9.62,4.67,44.93),('2023-04-01','237aca3c-3759-48af-b367-c8ae6790641c','76c1051a-975d-47ba-aa8e-052d329023a0','strawberry',8.86,0.12,1.06),('2023-04-07','239c3636-9aa2-4dc5-8224-34ca3edc3dab','714cf5bd-f887-4bb0-8c8e-d37c8fc57ed9','apple',4.33,1.75,7.58),('2023-03-23','23e0c7e9-9372-403b-8c67-08e60a964ae1','d6591a88-04aa-4d08-8b9a-4a2027c98c38','dates',4.33,2.75,11.91),('2023-02-07','23e0edfa-02c7-4e6f-b586-de8e0bffcb23','1a59664d-75ec-4e0d-a4e2-91c6df50c3b3','cashew nuts',7.67,1.80,13.81),('2023-08-18','24329cb8-acdb-4966-9549-b3baa2fde858','97636c14-5842-4639-b70b-5ffe703b3b0c','soyabean',22.33,2.75,61.41),('2023-06-06','2461cb0d-5154-4e4b-9136-ce6918a4c14d','82d0b4aa-b35e-4430-9a6e-a3cd72e8c491','cashew nuts',7.67,4.33,33.21),('2022-12-19','24eeece0-a78f-43e4-9db8-5cb738c89515','7cb0bffd-8c10-4e09-99d8-e6b82badb6fb','rice',7.40,1.33,9.84),('2022-12-30','250e4bb0-55d3-4734-8c42-c1cafc70ba10','0e7d649d-d5b3-46a9-99dc-fa71adffa087','curd',10.43,0.40,4.17),('2023-01-06','252afdc9-3b7d-4108-952d-f4fc7c2395da','3d13a421-4f90-4935-90e3-c005179de331','cucumber',5.33,0.29,1.55),('2023-03-31','25da6111-fcbf-4c3d-a115-a6e7dee9143c','5f6820b6-8d71-4987-8c9e-94295305309a','strawberry',8.86,1.00,8.86),('2022-12-23','264c7348-9220-4d6b-bb3c-90b55d4e8790','0ed86746-eaed-4c97-80a2-a22858ea05cd','butter',15.50,2.50,38.75),('2023-04-20','26c83f91-0552-4b57-85bf-a6c63e157144','1135e9ec-f9f8-4f53-b0a4-1c6da481373e','lemon',9.62,6.50,62.53),('2023-01-13','27a6dc3f-ed54-401c-bfcd-38238ff6b321','de4f8bdb-7678-4f30-ad05-501fcc4146de','milk',11.50,3.00,34.50),('2023-01-31','27b7b3d0-4bc2-443a-8f11-571547acd81a','ad217cd0-0359-453d-b2ba-68e2d1101043','sunflower seeds',23.00,0.57,13.11),('2023-09-21','27f35ca2-1f5b-4919-9ff1-c14c463d79a7','d4f655c4-4c4c-4914-b700-943ce16eba5a','carrot',6.12,1.20,7.34),('2023-06-03','284958a4-36f2-4680-a470-0f6bcf0e8618','5ed30392-5cf2-476f-ad73-c2229279dfea','brinjal',34.50,2.50,86.25),('2023-08-04','2873973f-4709-41b0-9e9e-763c77984c18','ad217cd0-0359-453d-b2ba-68e2d1101043','almonds',11.25,1.20,13.50),('2023-08-15','28a7fdd7-ed04-4a29-8d1f-f0f8cf38cfb2','8dcc6ad1-b7e3-4ff7-a83a-362a77cad817','pumpkin seeds',2.00,2.17,4.34),('2023-02-06','28cf3688-791d-4752-b08d-63cb7a72bdc5','eae48d90-7d36-4aae-a187-26cc2ffe64f4','sunflower seeds',23.00,0.43,9.89),('2023-10-19','29011ac9-5db8-4afc-b6bb-daed145f6f95','0ed86746-eaed-4c97-80a2-a22858ea05cd','blueberry',9.50,1.50,14.25),('2023-05-13','29386fee-3821-468d-99cd-67fd38d6fd83','5d55b81b-ad78-4f9d-ad51-294253ff9d69','curd',10.43,2.50,26.08),('2023-05-31','2955c66d-c859-4341-80ef-d5f33fdd902b','e21ac68a-b78d-4565-a0a0-6736e997300e','apple',4.33,0.38,1.65),('2023-05-02','29a9dc44-b741-4eac-b93a-12bef454ddee','714cf5bd-f887-4bb0-8c8e-d37c8fc57ed9','almonds',11.25,0.60,6.75),('2023-11-18','2a03ba9a-f2be-4c28-8f24-3d1ee03794ae','e21ac68a-b78d-4565-a0a0-6736e997300e','milk',11.50,2.00,23.00),('2023-10-31','2a189110-589f-4910-a57b-93459077eff4','ffe143b7-6839-41df-89bf-5aa48e2d5694','apple',4.33,0.62,2.68),('2023-11-25','2a795046-c569-4d02-8e7e-476da5fc030b','714cf5bd-f887-4bb0-8c8e-d37c8fc57ed9','blackberry',19.20,6.50,124.80),('2023-03-27','2a7bf245-545e-4050-b695-76a3e9fb6daa','eae48d90-7d36-4aae-a187-26cc2ffe64f4','banana',8.88,4.33,38.45),('2023-02-09','2a88b483-3951-4778-8faf-e6712014d06a','b153bf67-1310-4675-bf23-b56b709d1657','brinjal',34.50,0.25,8.63),('2023-11-22','2a9091d8-395a-456b-bcc3-d62a3c20b7e2','e866fa0f-4938-4b37-8522-08e38a78b073','sunflower seeds',23.00,0.71,16.33),('2023-04-27','2b2730e5-0bef-4175-8a44-44631a310a51','714cf5bd-f887-4bb0-8c8e-d37c8fc57ed9','pistachio',13.00,0.86,11.18),('2023-08-11','2b2f5b16-fe21-40cd-a7e9-ba2ba0b84181','1135e9ec-f9f8-4f53-b0a4-1c6da481373e','lemon',9.62,0.25,2.41),('2023-08-27','2b492097-145e-49ed-9714-9d7e3be90d52','d4f655c4-4c4c-4914-b700-943ce16eba5a','butter',15.50,1.25,19.38),('2023-09-28','2b506738-4868-4a94-af39-4d24b2302e07','ac40626d-0f62-47d2-a8c7-ba3d0dc0b8fd','brinjal',34.50,1.29,44.51),('2023-05-31','2b7b194d-69d2-45c5-a42f-c951e6b839a4','44e038d5-48c0-4d10-aea4-9ab95c9f1984','curd',10.43,1.17,12.20),('2023-07-15','2bb32444-2963-4117-b5d4-c51cbc0afaed','0ed86746-eaed-4c97-80a2-a22858ea05cd','blueberry',9.50,2.75,26.13),('2023-04-15','2bc37231-ca6f-48dc-8b30-b432e3357386','ef4b84f2-98ed-439d-84d4-425fa91d9383','milk',11.50,0.71,8.17),('2023-07-25','2bfd4c60-2209-47eb-b761-a1cdc8f800aa','714cf5bd-f887-4bb0-8c8e-d37c8fc57ed9','dry grapes',32.50,1.67,54.28),('2023-03-28','2c866a4f-8895-4548-9879-ccf44d18b31b','0ed86746-eaed-4c97-80a2-a22858ea05cd','blueberry',9.50,1.86,17.67),('2023-05-06','2cfd0b25-63da-41ae-9a76-bbe03bca6d1d','b4bccee7-8ae6-4624-bd84-a98ad13710ff','butter',15.50,1.17,18.14),('2023-05-13','2d1a0cc1-1f62-4dc8-9e0c-593146d4fa1c','7cb0bffd-8c10-4e09-99d8-e6b82badb6fb','cucumber',5.33,1.00,5.33),('2023-02-09','2d501775-7d63-4469-8ed6-e057519d7c30','de4f8bdb-7678-4f30-ad05-501fcc4146de','lemon',9.62,1.33,12.79),('2023-03-18','2daa8e97-38cc-429f-86d3-adbf43bbbd84','44e038d5-48c0-4d10-aea4-9ab95c9f1984','sunflower seeds',23.00,1.50,34.50),('2023-03-31','2dc6f6f4-08ef-4981-a40d-151736d8223a','cc47cb10-b758-40ad-be2f-a7da9bffa1f0','dates',4.33,1.67,7.23),('2022-12-12','2e7479b0-17d4-4a3e-8584-23cb24279359','1e2b9ac5-3313-4330-a106-ca0ad8437479','pistachio',13.00,1.33,17.29),('2023-04-27','2e95ee2f-f2f1-45cf-acd0-7f9aa7c2caa6','af1ff83c-c808-41d3-a3fe-0b6db514fab0','butter',15.50,1.50,23.25),('2023-03-17','2e9b56bd-abc2-417b-96aa-d7bf57c7527d','82d0b4aa-b35e-4430-9a6e-a3cd72e8c491','pistachio',13.00,4.67,60.71),('2023-07-03','2f5434b3-46bc-4070-9549-81020b75a558','af1ff83c-c808-41d3-a3fe-0b6db514fab0','soyabean',22.33,4.33,96.69),('2023-11-23','2fb5e3e9-3ca7-4217-848a-d50701862d29','77de013a-6e4b-4efa-90ac-9e4b65a18cf5','dry grapes',32.50,3.75,121.88),('2023-07-30','30144d99-fd00-4423-aeea-7e85a9889891','30a6ccd2-d3d6-492a-a4cd-198d914b8031','blueberry',9.50,0.12,1.14),('2023-05-21','30486ee9-f7a8-4ed6-bd9e-d9e030958655','8dcc6ad1-b7e3-4ff7-a83a-362a77cad817','lemon',9.62,0.67,6.45),('2022-12-24','30934a44-a99a-4b7e-bdd0-1c07bc263261','e21ac68a-b78d-4565-a0a0-6736e997300e','carrot',6.12,1.50,9.18),('2023-03-06','30f4ffdf-e018-4889-9904-c139528405f0','e21ac68a-b78d-4565-a0a0-6736e997300e','ghee',5.67,2.50,14.18),('2023-07-12','3121a6c7-5eb1-4654-9205-667fa70ec5c2','76c1051a-975d-47ba-aa8e-052d329023a0','dry grapes',32.50,0.38,12.35),('2023-05-12','317bf323-b98a-431d-a30e-3c87760554aa','cabb5150-dbaf-4ba7-bed5-3eed95beacdf','carrot',6.12,3.50,21.42),('2022-12-10','31e20553-3458-4d25-b791-4dbb22f9cc65','e97572e6-9ac5-4b1e-b0b1-bf8710d5f980','cucumber',5.33,3.25,17.32),('2023-01-06','31f17e87-7edf-46ab-875b-6ee55c83cddd','ffe143b7-6839-41df-89bf-5aa48e2d5694','dry grapes',32.50,7.00,227.50),('2023-08-07','32cb9037-8476-482f-addb-1b2e9e1cec30','538f3392-fee1-47a5-8dca-330d140b1750','rice',7.40,1.25,9.25),('2023-11-21','32d16906-5f83-4d46-a354-31671dfcf44e','77de013a-6e4b-4efa-90ac-9e4b65a18cf5','strawberry',8.86,1.75,15.51),('2023-02-12','32fbaf41-e5f8-4f7c-8bcf-47d637fa575d','ffe143b7-6839-41df-89bf-5aa48e2d5694','cashew nuts',7.67,1.57,12.04),('2022-12-15','330088a4-54ad-4362-87ee-16b6786f16b8','1a59664d-75ec-4e0d-a4e2-91c6df50c3b3','apple',4.33,0.62,2.68),('2023-11-14','33075e87-ea69-4696-a209-3306ed6b5502','1e2b9ac5-3313-4330-a106-ca0ad8437479','curd',10.43,2.00,20.86),('2023-02-13','335016e5-3658-47d7-94d0-4829c732fa78','af1ff83c-c808-41d3-a3fe-0b6db514fab0','blackberry',19.20,5.00,96.00),('2023-02-14','33b7a6c0-366b-405e-8a72-7ff89d18d1e2','8dcc6ad1-b7e3-4ff7-a83a-362a77cad817','blueberry',9.50,1.71,16.25),('2023-10-26','3465f42c-cc08-42ab-88d6-3c9171e03afe','77de013a-6e4b-4efa-90ac-9e4b65a18cf5','apple',4.33,2.33,10.09),('2023-08-25','347e3373-7d8c-4ff9-9af8-e774a7a5aa07','538f3392-fee1-47a5-8dca-330d140b1750','dry grapes',32.50,7.50,243.75),('2022-12-18','348cbc15-b220-4e3d-a18f-8ff90a5a3c3b','0faf38e9-ee65-4f44-93d2-acb961624575','soyabean',22.33,2.00,44.66),('2023-02-02','34cb7dc3-e5a7-4bfd-8871-01e31621f527','763285f4-634d-4811-a57a-8ea7e05757c8','brinjal',34.50,2.00,69.00),('2023-09-21','34e6f102-d3e9-42f2-8a6a-c050b7998834','7ce4c1a0-8205-41de-a240-593cfefca140','blackberry',19.20,1.14,21.89),('2023-03-04','35479c84-8a8a-4a8a-a12a-5a048c6959cf','0faf38e9-ee65-4f44-93d2-acb961624575','curd',10.43,2.00,20.86),('2023-11-04','35764dfa-0441-4d7e-8e97-f3619b3c7d6a','0faf38e9-ee65-4f44-93d2-acb961624575','sunflower seeds',23.00,0.14,3.22),('2023-05-05','357de272-4c63-43c6-b0bb-1dfe4c8fa7bf','ef4b84f2-98ed-439d-84d4-425fa91d9383','dates',4.33,0.86,3.72),('2023-07-08','35f93faa-cb9c-4c1c-8f7d-f8852993ffca','3794d7d9-b147-4703-873a-5d31c46a3d95','milk',11.50,3.50,40.25),('2023-06-10','36327acb-a603-4d3e-a7b4-02dddd5a446a','ef4b84f2-98ed-439d-84d4-425fa91d9383','dry grapes',32.50,2.50,81.25),('2023-11-14','36fa57db-4217-404e-9812-32b6f3ed5d1d','08c35b48-4378-4871-8775-bd993dd0a356','lemon',9.62,0.86,8.27),('2023-04-07','370443d4-9bfa-491f-8c0f-af6a4215f873','44e038d5-48c0-4d10-aea4-9ab95c9f1984','blueberry',9.50,4.00,38.00),('2023-04-06','372acdd3-2e43-4b9c-8c52-568470567c37','612ec459-1971-4b6f-ac7a-64b327730fda','almonds',11.25,1.57,17.66),('2023-10-25','37b38914-da1f-4427-a971-3a4180f3b7cc','d6591a88-04aa-4d08-8b9a-4a2027c98c38','pistachio',13.00,1.33,17.29),('2023-01-11','3801fc5a-86cb-493d-ab4b-f8576e25e7f4','1135e9ec-f9f8-4f53-b0a4-1c6da481373e','lemon',9.62,0.50,4.81),('2023-05-27','38307c14-ba3b-484e-83ee-4c078222d7ae','b153bf67-1310-4675-bf23-b56b709d1657','soyabean',22.33,0.12,2.68),('2023-01-07','3857d240-94c3-4566-b580-65e83a0f4f8e','1135e9ec-f9f8-4f53-b0a4-1c6da481373e','butter',15.50,1.75,27.13),('2023-02-25','393ca71e-1e53-47e8-b2b8-c7903f37c616','82d0b4aa-b35e-4430-9a6e-a3cd72e8c491','almonds',11.25,2.00,22.50),('2023-06-01','39532f0e-1c75-4431-b543-f6ab69394987','ad217cd0-0359-453d-b2ba-68e2d1101043','curd',10.43,1.71,17.84),('2023-03-20','39e2dddb-23c7-4be0-a5e0-f6842e78bcec','76c1051a-975d-47ba-aa8e-052d329023a0','blackberry',19.20,0.67,12.86),('2023-06-27','39e9a28b-7254-4672-8a0c-9013e504bb43','0faf38e9-ee65-4f44-93d2-acb961624575','brinjal',34.50,1.00,34.50),('2023-09-17','39f75b60-e3c1-437e-9f58-ceb928e3c8f7','1135e9ec-f9f8-4f53-b0a4-1c6da481373e','cucumber',5.33,0.25,1.33),('2023-08-19','3a424967-d96f-41e4-b783-508dde38f215','3794d7d9-b147-4703-873a-5d31c46a3d95','carrot',6.12,1.71,10.47),('2023-05-01','3aa8d085-ad94-4869-b655-963b8d3a1101','5d55b81b-ad78-4f9d-ad51-294253ff9d69','strawberry',8.86,3.25,28.80),('2023-03-05','3b9bb945-db1a-4a69-a10e-1d56b78d0148','af1ff83c-c808-41d3-a3fe-0b6db514fab0','cucumber',5.33,0.62,3.30),('2023-12-04','3ba9e1e1-21c5-4f14-b91c-1cd93b566504','1135e9ec-f9f8-4f53-b0a4-1c6da481373e','cashew nuts',7.67,1.71,13.12),('2023-02-19','3bc60347-3a27-463f-b472-7dff917db668','538f3392-fee1-47a5-8dca-330d140b1750','cucumber',5.33,1.38,7.36),('2023-01-18','3bd3a9df-566c-45f5-8578-651b23167530','2ac79cb7-7b13-4417-a44b-9283b6141a40','sunflower seeds',23.00,3.00,69.00),('2023-01-11','3c0fcfb0-88dd-4bac-a2a9-08c435fe2c89','76c1051a-975d-47ba-aa8e-052d329023a0','brinjal',34.50,1.50,51.75),('2023-11-06','3cc8a6bd-44a9-433a-ad87-5356b8de36a7','1a59664d-75ec-4e0d-a4e2-91c6df50c3b3','blackberry',19.20,1.14,21.89),('2023-10-19','3ccb0422-5501-4f69-ae3b-8a607b22246c','1e2b9ac5-3313-4330-a106-ca0ad8437479','almonds',11.25,1.88,21.15),('2022-12-15','3ce65632-ddb8-494e-ab88-05b8d9c1539c','af1ff83c-c808-41d3-a3fe-0b6db514fab0','curd',10.43,2.33,24.30),('2023-11-30','3cf6a422-0d06-4a9e-802a-0493decfccb5','3d13a421-4f90-4935-90e3-c005179de331','soyabean',22.33,1.33,29.70),('2023-10-28','3d5e68d1-0984-475e-a88e-fe622cc4fd59','ad217cd0-0359-453d-b2ba-68e2d1101043','soyabean',22.33,1.71,38.18),('2023-10-26','3d8ba861-bdeb-43f0-9049-97b8b46400a2','3fc13a08-d298-4b38-82cc-e5f147a2ff71','milk',11.50,0.86,9.89),('2023-03-08','3e496fec-b427-44ac-b0dc-0efca9bfaabc','ac40626d-0f62-47d2-a8c7-ba3d0dc0b8fd','dates',4.33,5.50,23.82),('2023-02-05','3e7f5a7f-bcd5-4741-883a-8e7bc0ade6e0','ad217cd0-0359-453d-b2ba-68e2d1101043','blueberry',9.50,3.33,31.64),('2023-06-14','3eb169c8-1a6d-452a-aab6-13cbb07a8437','30a6ccd2-d3d6-492a-a4cd-198d914b8031','apple',4.33,0.33,1.43),('2023-06-05','3ef9f6ed-3c9c-42b6-9f3e-14db1c0e7a1b','763285f4-634d-4811-a57a-8ea7e05757c8','banana',8.88,0.80,7.10),('2023-09-24','3f0eec5e-ba0c-4550-bbdf-a261222ac138','5f6820b6-8d71-4987-8c9e-94295305309a','soyabean',22.33,0.43,9.60),('2023-02-11','3f97f397-3811-4230-8382-0a2965843576','76c1051a-975d-47ba-aa8e-052d329023a0','blackberry',19.20,0.88,16.90),('2023-03-25','4039c0c2-46a1-4d9b-b52e-0bd754a29958','3d13a421-4f90-4935-90e3-c005179de331','blackberry',19.20,2.17,41.66),('2023-07-24','405aa2a3-d4eb-45a4-b3ca-320778849015','ac40626d-0f62-47d2-a8c7-ba3d0dc0b8fd','blueberry',9.50,0.50,4.75),('2023-11-26','40b94071-951d-4683-8116-4d290e8b11ad','77de013a-6e4b-4efa-90ac-9e4b65a18cf5','carrot',6.12,1.00,6.12),('2023-09-17','40e15e65-49f6-4578-87e4-1dc94d510ecf','714cf5bd-f887-4bb0-8c8e-d37c8fc57ed9','almonds',11.25,0.62,6.98),('2023-11-01','40f61011-ebc8-4b3a-a453-83872db05249','b4bccee7-8ae6-4624-bd84-a98ad13710ff','apple',4.33,3.25,14.07),('2023-05-03','40fd482f-efe5-44ee-846b-14b6b3708032','e866fa0f-4938-4b37-8522-08e38a78b073','dry grapes',32.50,1.80,58.50),('2023-05-07','41051343-d096-4d57-8b78-7bb5dd7c09ca','b153bf67-1310-4675-bf23-b56b709d1657','brinjal',34.50,2.40,82.80),('2023-07-30','41294462-732b-4187-a4a4-7882b569ef78','051f6c78-f81b-4ae7-a934-5c5ad00e8af6','butter',15.50,2.00,31.00),('2023-03-03','413ebd11-c7af-4bb0-b963-dd31696be3ec','ad217cd0-0359-453d-b2ba-68e2d1101043','blueberry',9.50,2.00,19.00),('2023-11-23','415ae838-9fb7-4f9b-b6a8-22045a779371','3a51cafb-04dc-49c7-bfe0-7f811d13283b','strawberry',8.86,0.25,2.22),('2023-09-22','417dee41-4110-483f-aca6-f26578fc8807','5ed30392-5cf2-476f-ad73-c2229279dfea','ghee',5.67,3.67,20.81),('2023-09-19','41eb2c2e-58dc-4ec3-8ada-ff55f5891d73','7cb0bffd-8c10-4e09-99d8-e6b82badb6fb','brinjal',34.50,5.00,172.50),('2023-07-19','421d48e5-e871-4577-abeb-f5f8292b2c9a','051f6c78-f81b-4ae7-a934-5c5ad00e8af6','sunflower seeds',23.00,2.00,46.00),('2023-08-31','424f17f1-6c74-47ad-a0d6-59a01f3da6dc','0ed86746-eaed-4c97-80a2-a22858ea05cd','carrot',6.12,1.33,8.14),('2023-11-03','425a5944-1d38-4de6-8636-bdd91306b356','7ce4c1a0-8205-41de-a240-593cfefca140','banana',8.88,0.12,1.07),('2023-03-12','426f4830-615b-4477-8080-9bcb280b7bdc','7ce4c1a0-8205-41de-a240-593cfefca140','dates',4.33,1.83,7.92),('2023-08-18','4286836d-b4cb-4cb9-958a-4236d66fc4ac','e97572e6-9ac5-4b1e-b0b1-bf8710d5f980','strawberry',8.86,0.60,5.32),('2023-12-09','42d83ade-7048-4df7-b43c-3b9e9cf336df','40d2a4e2-8f64-47e9-a696-f33acb5a69ef','banana',8.88,1.00,8.88),('2023-11-11','42f667d3-c6c9-40ab-a89a-1feef41c5e96','665960dd-544f-4f02-8ee5-070e12ccc6d0','milk',11.50,7.50,86.25),('2023-04-15','4332179c-2d1b-4fc1-ac7a-69b353f25c95','97636c14-5842-4639-b70b-5ffe703b3b0c','banana',8.88,0.29,2.58),('2023-01-03','4346f8f5-441e-4c41-9d05-dab941c937de','538f3392-fee1-47a5-8dca-330d140b1750','blueberry',9.50,6.50,61.75),('2023-05-08','44061ddf-b1db-41e8-bfe0-aa1949801f92','97636c14-5842-4639-b70b-5ffe703b3b0c','rice',7.40,0.50,3.70),('2023-03-04','44559672-8a87-49a6-b35a-e0e3f731ed8a','665960dd-544f-4f02-8ee5-070e12ccc6d0','dates',4.33,2.20,9.53),('2023-03-17','4464d9a5-2692-43b2-8aed-8e30b83463ce','30a6ccd2-d3d6-492a-a4cd-198d914b8031','pumpkin seeds',2.00,2.50,5.00),('2023-08-14','44f24abe-1677-4ea1-9cd1-d6a160a0bb96','538f3392-fee1-47a5-8dca-330d140b1750','curd',10.43,1.00,10.43),('2022-12-09','455a9ff2-ac20-4c44-9ccf-e64382dec4b8','821a3544-f5f5-4c79-976a-51a5a64be8cb','brinjal',34.50,3.00,103.50),('2023-08-19','458cabde-e0a4-42f6-8377-72df4e3a2dd8','5ed30392-5cf2-476f-ad73-c2229279dfea','rice',7.40,5.00,37.00),('2023-07-05','45a42bc7-3c1d-4141-9dbe-15fc2a0a3ea1','5ed30392-5cf2-476f-ad73-c2229279dfea','apple',4.33,6.50,28.15),('2023-03-25','45c75336-c69f-4f17-9540-282abddebd4d','76c1051a-975d-47ba-aa8e-052d329023a0','pistachio',13.00,6.00,78.00),('2023-05-16','45c9400a-2d8e-4e19-b5ac-3422a1e4cba6','7ce4c1a0-8205-41de-a240-593cfefca140','strawberry',8.86,0.80,7.09),('2023-04-07','46a7d9ef-bf2f-4274-81e2-8fd959268653','e866fa0f-4938-4b37-8522-08e38a78b073','milk',11.50,3.00,34.50),('2023-06-27','46ad5f29-dbe8-496f-aa73-d2fcb197ccb9','eae48d90-7d36-4aae-a187-26cc2ffe64f4','strawberry',8.86,2.00,17.72),('2023-03-06','47fa9ff4-755e-4cfb-a5f9-67f1ec9f2170','30a6ccd2-d3d6-492a-a4cd-198d914b8031','carrot',6.12,6.50,39.78),('2023-07-15','495a9293-c8d9-49a8-b74d-1737f28e76b9','1135e9ec-f9f8-4f53-b0a4-1c6da481373e','strawberry',8.86,3.00,26.58),('2023-09-15','495c62b3-2cbb-4faf-8888-65396dd24244','eae48d90-7d36-4aae-a187-26cc2ffe64f4','curd',10.43,1.29,13.45),('2022-12-10','498d2f70-5362-4397-a299-f465248cbf24','de4f8bdb-7678-4f30-ad05-501fcc4146de','milk',11.50,0.75,8.63),('2023-10-06','49c7ca97-d879-489b-ac25-41e3f3526234','ad217cd0-0359-453d-b2ba-68e2d1101043','cashew nuts',7.67,3.50,26.85),('2022-12-15','49cb964d-659b-4785-ad78-a62fb7120922','3d13a421-4f90-4935-90e3-c005179de331','carrot',6.12,1.67,10.22),('2023-09-07','49ffc7ab-e4fc-4630-9432-f0c813e2174d','cabb5150-dbaf-4ba7-bed5-3eed95beacdf','curd',10.43,3.67,38.28),('2023-11-21','4a644abe-959b-4dfe-bcd7-e332474299ac','77de013a-6e4b-4efa-90ac-9e4b65a18cf5','blueberry',9.50,4.00,38.00),('2022-12-15','4ab2af42-4158-4cab-8949-4dcbcdc9f09d','ba52d612-8555-46f2-8050-a1fef8a78439','strawberry',8.86,4.00,35.44),('2023-10-14','4b659992-ea41-4346-9e84-998bc11819ea','ef4b84f2-98ed-439d-84d4-425fa91d9383','rice',7.40,1.00,7.40),('2022-12-10','4b66f96b-3934-481e-94f2-b11962441f69','eae48d90-7d36-4aae-a187-26cc2ffe64f4','strawberry',8.86,3.67,32.52),('2023-11-18','4c3685f4-ace7-470e-87c6-66b6db684d9c','ad217cd0-0359-453d-b2ba-68e2d1101043','pistachio',13.00,1.12,14.56),('2023-05-14','4c3fb374-cce5-48d4-b7f5-db55a7f7b4bc','3794d7d9-b147-4703-873a-5d31c46a3d95','brinjal',34.50,2.17,74.87),('2023-06-03','4c4d1b3b-e1b6-430d-bb63-6f4e1c96cf8e','1135e9ec-f9f8-4f53-b0a4-1c6da481373e','pumpkin seeds',2.00,1.17,2.34),('2023-11-11','4cd81140-9651-4db5-acce-8b56ca56b627','5d55b81b-ad78-4f9d-ad51-294253ff9d69','strawberry',8.86,1.38,12.23),('2022-12-17','4d7e3655-f658-4dd5-97da-26d825b6d9ed','763285f4-634d-4811-a57a-8ea7e05757c8','ghee',5.67,2.50,14.18),('2023-08-07','4e07debb-701e-40fd-9c2c-9fe4aad3399e','3d13a421-4f90-4935-90e3-c005179de331','rice',7.40,2.60,19.24),('2022-12-27','4e1814c8-a3fc-4426-9692-8979434b4282','e21ac68a-b78d-4565-a0a0-6736e997300e','pumpkin seeds',2.00,1.00,2.00),('2023-01-07','4e55a07b-47c3-4d13-b534-559dfb8e5541','051f6c78-f81b-4ae7-a934-5c5ad00e8af6','carrot',6.12,0.75,4.59),('2023-01-13','4e5ae975-6f69-426d-a457-9f7138999ce4','76c1051a-975d-47ba-aa8e-052d329023a0','ghee',5.67,4.33,24.55),('2022-12-17','4e6ef493-2b79-4eb9-aa71-3170b2d3f2c9','0e7d649d-d5b3-46a9-99dc-fa71adffa087','butter',15.50,1.00,15.50),('2023-05-30','4e866a22-db11-4ce4-a736-854905edf5a3','3a51cafb-04dc-49c7-bfe0-7f811d13283b','ghee',5.67,4.00,22.68),('2023-04-29','4ea62d24-936e-4eeb-95e9-7690eeee55fd','97636c14-5842-4639-b70b-5ffe703b3b0c','ghee',5.67,1.25,7.09),('2023-04-30','4ed1afef-249f-4613-9233-98817569b90d','e866fa0f-4938-4b37-8522-08e38a78b073','pumpkin seeds',2.00,1.33,2.66),('2023-12-07','4ee15ab4-897f-430f-b2cd-1b841a72da17','5d55b81b-ad78-4f9d-ad51-294253ff9d69','ghee',5.67,2.75,15.59),('2023-03-22','4efd8956-7f11-451e-8b9e-d5b3caa7dd99','051f6c78-f81b-4ae7-a934-5c5ad00e8af6','dates',4.33,1.25,5.41),('2023-10-27','4f0175af-52f1-4f7b-b8e5-24af5f37dea6','3fc13a08-d298-4b38-82cc-e5f147a2ff71','lemon',9.62,0.75,7.22),('2023-12-04','4f3781b1-6116-4b3d-8619-213682c72c96','821a3544-f5f5-4c79-976a-51a5a64be8cb','rice',7.40,1.83,13.54),('2023-10-30','4f38bd64-78b0-432e-8b42-fa6bf325611a','eae48d90-7d36-4aae-a187-26cc2ffe64f4','curd',10.43,0.50,5.22),('2023-06-30','4f5bfb23-413d-40c1-8880-0736f2f78b91','7cb0bffd-8c10-4e09-99d8-e6b82badb6fb','cashew nuts',7.67,0.29,2.22),('2023-05-14','4fcafbf0-ab6f-4d99-94d8-9ea88fa14bb3','3d13a421-4f90-4935-90e3-c005179de331','dry grapes',32.50,0.88,28.60),('2023-09-13','4ff6f507-d0ef-4a3f-b596-b2e869b072a7','714cf5bd-f887-4bb0-8c8e-d37c8fc57ed9','ghee',5.67,2.50,14.18),('2023-11-26','5023ec83-fc0d-401c-bafe-317b618db779','1e2b9ac5-3313-4330-a106-ca0ad8437479','butter',15.50,0.17,2.64),('2023-06-28','50363484-0fed-4934-b88c-10b832e5c5a6','eae48d90-7d36-4aae-a187-26cc2ffe64f4','apple',4.33,0.88,3.81),('2023-06-02','50798ca2-8820-4eb8-b11f-6ab251df136e','3fc13a08-d298-4b38-82cc-e5f147a2ff71','dry grapes',32.50,3.25,105.63),('2023-01-16','50b42545-d6ec-4047-b8d5-b4935141aa1c','ac40626d-0f62-47d2-a8c7-ba3d0dc0b8fd','cashew nuts',7.67,1.33,10.20),('2023-05-11','511f251e-ee92-424d-9ba3-75a0561a7c75','0e7d649d-d5b3-46a9-99dc-fa71adffa087','rice',7.40,1.14,8.44),('2023-07-17','515e298e-c311-40fc-8a25-0fa23d2dd3fd','5ed30392-5cf2-476f-ad73-c2229279dfea','milk',11.50,1.38,15.87),('2023-09-02','52088e72-7bba-48d0-849e-a1110e07a717','612ec459-1971-4b6f-ac7a-64b327730fda','carrot',6.12,3.67,22.46),('2023-08-21','520915f6-2129-4521-bfd0-e6738b042528','0e7d649d-d5b3-46a9-99dc-fa71adffa087','carrot',6.12,6.00,36.72),('2023-07-06','521ba659-9e8b-424d-b525-e529a8fd06b4','44e038d5-48c0-4d10-aea4-9ab95c9f1984','carrot',6.12,0.14,0.86),('2023-07-13','526d19c4-6179-479a-960c-0bf29f9a4a38','1e2b9ac5-3313-4330-a106-ca0ad8437479','apple',4.33,1.62,7.01),('2023-05-08','52e34e01-118b-4142-bdde-1d85b53a157b','821a3544-f5f5-4c79-976a-51a5a64be8cb','curd',10.43,1.29,13.45),('2023-11-02','5351e8cb-9bfb-4956-bebe-3bad86dc2959','de4f8bdb-7678-4f30-ad05-501fcc4146de','blueberry',9.50,2.14,20.33),('2023-06-15','535a34eb-6dc3-46f5-ac78-551b35cc5698','44e038d5-48c0-4d10-aea4-9ab95c9f1984','blueberry',9.50,2.00,19.00),('2023-02-23','53b851e4-7ce2-4e97-b061-ff50a7d118ce','76c1051a-975d-47ba-aa8e-052d329023a0','butter',15.50,6.00,93.00),('2023-07-22','54221369-d847-4c39-9d2c-f7493339c434','44e038d5-48c0-4d10-aea4-9ab95c9f1984','lemon',9.62,6.00,57.72),('2023-09-03','5425f32e-4b4e-42a2-ad1d-99ac1a33dead','e866fa0f-4938-4b37-8522-08e38a78b073','apple',4.33,1.71,7.40),('2023-03-16','55125997-968b-4c87-86cf-20d7797062b5','2ac79cb7-7b13-4417-a44b-9283b6141a40','brinjal',34.50,0.67,23.12),('2023-03-19','5532afd1-c733-4b19-97b7-5760a38a8bfa','e97572e6-9ac5-4b1e-b0b1-bf8710d5f980','rice',7.40,3.25,24.05),('2022-12-26','553401d7-4a06-48b6-847f-dfc03812e82d','d6591a88-04aa-4d08-8b9a-4a2027c98c38','cucumber',5.33,4.00,21.32),('2023-03-21','558eed11-a40b-4f8e-ab0d-1b4276404ff3','7ce4c1a0-8205-41de-a240-593cfefca140','ghee',5.67,0.60,3.40),('2023-01-31','55d9146b-02ed-4e9a-bb21-c6b23b81e486','538f3392-fee1-47a5-8dca-330d140b1750','curd',10.43,1.29,13.45),('2023-04-07','561290bc-63c3-49b9-8332-1b6cac195ec3','5f6820b6-8d71-4987-8c9e-94295305309a','lemon',9.62,0.57,5.48),('2023-09-07','56723440-1d39-48d9-9c5e-5c0f156e0f52','763285f4-634d-4811-a57a-8ea7e05757c8','sunflower seeds',23.00,0.62,14.26),('2023-05-05','56e1b489-9af5-479d-8f2e-cd145f5914b4','af1ff83c-c808-41d3-a3fe-0b6db514fab0','sunflower seeds',23.00,1.62,37.26),('2023-09-09','572bba53-20f7-4508-a15b-9965c3578678','b4bccee7-8ae6-4624-bd84-a98ad13710ff','cucumber',5.33,4.50,23.99),('2023-01-20','5754e90c-01a3-42ea-894c-66d805a5be60','e21ac68a-b78d-4565-a0a0-6736e997300e','blackberry',19.20,1.00,19.20),('2023-11-21','57e7cdfc-3c1d-4ea4-83c4-f49673d95870','d6591a88-04aa-4d08-8b9a-4a2027c98c38','carrot',6.12,0.50,3.06),('2023-09-02','57f0090f-b12e-4c94-822a-d3b89218c0af','ba52d612-8555-46f2-8050-a1fef8a78439','lemon',9.62,1.00,9.62),('2023-12-01','57fd7078-9657-4cbd-8679-12a20f6be927','051f6c78-f81b-4ae7-a934-5c5ad00e8af6','sunflower seeds',23.00,2.25,51.75),('2023-01-10','5814884d-3948-45fa-b4dd-5b4ddd2e12c2','ba52d612-8555-46f2-8050-a1fef8a78439','banana',8.88,1.62,14.39),('2023-01-01','582e3c63-9b94-4ee6-9cce-0f09897bfb4f','714cf5bd-f887-4bb0-8c8e-d37c8fc57ed9','cucumber',5.33,0.50,2.67),('2023-11-17','5847bde0-1eb2-4a2b-a043-d223a7bb4695','82d0b4aa-b35e-4430-9a6e-a3cd72e8c491','apple',4.33,2.33,10.09),('2022-12-12','58a3016b-2bc8-4e26-9cb2-8d79b8e2f34b','76c1051a-975d-47ba-aa8e-052d329023a0','pumpkin seeds',2.00,2.60,5.20),('2023-05-03','58d78798-2ad0-4eaa-a63f-f3e3af97450e','8dcc6ad1-b7e3-4ff7-a83a-362a77cad817','strawberry',8.86,1.25,11.08),('2023-04-05','58f3878a-b8f8-493b-9c38-8233ef86a516','d6591a88-04aa-4d08-8b9a-4a2027c98c38','cucumber',5.33,0.33,1.76),('2023-01-05','58fb9f0a-ab9d-4700-b0f4-e5acd3cf9781','051f6c78-f81b-4ae7-a934-5c5ad00e8af6','strawberry',8.86,0.14,1.24),('2023-02-03','5944afb9-a820-4516-a762-774662b4a36f','97636c14-5842-4639-b70b-5ffe703b3b0c','blueberry',9.50,1.80,17.10),('2023-06-14','59670bcf-e71a-4924-8569-ae0bc0ec7b7c','3a51cafb-04dc-49c7-bfe0-7f811d13283b','pistachio',13.00,1.40,18.20),('2023-04-03','59ce3cff-9244-440f-8dc8-bf8bdb460bea','08c35b48-4378-4871-8775-bd993dd0a356','sunflower seeds',23.00,2.40,55.20),('2023-01-02','59d1bd6f-46b5-45b5-92df-ba713d4c7a6e','ad217cd0-0359-453d-b2ba-68e2d1101043','butter',15.50,4.67,72.39),('2023-10-03','5a98b257-5fb7-4509-9efe-bce7aea6accc','82d0b4aa-b35e-4430-9a6e-a3cd72e8c491','pumpkin seeds',2.00,0.40,0.80),('2023-01-24','5aa74e3b-209b-440f-808b-a2b4560ca168','1e2b9ac5-3313-4330-a106-ca0ad8437479','cashew nuts',7.67,2.67,20.48),('2023-03-13','5b3beb0a-e545-47d0-8a37-1fd08ef8da64','0e7d649d-d5b3-46a9-99dc-fa71adffa087','cashew nuts',7.67,3.50,26.85),('2023-05-25','5b50a1be-3421-4e64-b2d5-93b86d0967c3','82d0b4aa-b35e-4430-9a6e-a3cd72e8c491','pumpkin seeds',2.00,2.17,4.34),('2023-07-28','5b58a422-0a3f-4e66-91fb-17cc74a9d413','30a6ccd2-d3d6-492a-a4cd-198d914b8031','apple',4.33,0.14,0.61),('2023-04-07','5bde11f7-b7ee-43c1-be73-99a1fd1bf2f0','7ce4c1a0-8205-41de-a240-593cfefca140','blueberry',9.50,1.00,9.50),('2023-09-16','5c34d9d8-e27c-4de4-82a8-7a059553aab0','2ac79cb7-7b13-4417-a44b-9283b6141a40','blackberry',19.20,0.50,9.60),('2023-08-11','5c37082b-9ace-4125-a690-3a82b87963d0','e21ac68a-b78d-4565-a0a0-6736e997300e','apple',4.33,1.25,5.41),('2023-05-13','5c97c0e8-1d34-470e-8525-25d1eb95224f','612ec459-1971-4b6f-ac7a-64b327730fda','sunflower seeds',23.00,0.43,9.89),('2023-11-27','5c9d4625-5217-4e35-8e47-24d9cfa7f76c','3d13a421-4f90-4935-90e3-c005179de331','lemon',9.62,2.33,22.41),('2023-07-13','5cc99d26-0fde-4d95-ac23-c5d3fed421e4','30a6ccd2-d3d6-492a-a4cd-198d914b8031','carrot',6.12,1.86,11.38),('2023-03-12','5ccfca0c-ccb0-4122-be80-2581e7ffd7bc','5d55b81b-ad78-4f9d-ad51-294253ff9d69','carrot',6.12,3.00,18.36),('2022-12-16','5d44b49a-3976-4c75-ba02-d5b83fc4c623','3a51cafb-04dc-49c7-bfe0-7f811d13283b','ghee',5.67,0.17,0.96),('2023-07-10','5d5945d9-8be7-4eb8-92fe-5943ff83e8aa','1a59664d-75ec-4e0d-a4e2-91c6df50c3b3','pistachio',13.00,2.50,32.50),('2023-10-01','5da05d7e-5334-4ce6-8ddf-033ff9f9cf76','e97572e6-9ac5-4b1e-b0b1-bf8710d5f980','pistachio',13.00,5.00,65.00),('2023-02-16','5e25f2a9-af4f-412c-a76a-9d639986d6c7','7ce4c1a0-8205-41de-a240-593cfefca140','banana',8.88,1.00,8.88),('2023-03-22','5e487532-fafc-4ebf-a613-5ff29943a1d1','7ce4c1a0-8205-41de-a240-593cfefca140','blackberry',19.20,0.25,4.80),('2023-06-06','5e4bb5d8-c177-4e8e-8ac8-c8a71dac133a','8dcc6ad1-b7e3-4ff7-a83a-362a77cad817','apple',4.33,1.67,7.23),('2023-11-29','5e9f4b44-b394-4304-adae-99cb553ddb8e','de4f8bdb-7678-4f30-ad05-501fcc4146de','curd',10.43,2.67,27.85),('2023-11-22','5ecf92c6-340c-4028-bd00-e6f452355a6a','af1ff83c-c808-41d3-a3fe-0b6db514fab0','dates',4.33,2.40,10.39),('2023-02-18','5eff1dad-ae8c-4aff-974d-3f55504bf322','44e038d5-48c0-4d10-aea4-9ab95c9f1984','banana',8.88,0.43,3.82),('2023-05-08','5fa05f38-32b7-42c4-95da-1e74085b4c30','3d13a421-4f90-4935-90e3-c005179de331','carrot',6.12,0.83,5.08),('2023-01-22','5fcee879-32e9-4592-87c4-a76739416c7a','af1ff83c-c808-41d3-a3fe-0b6db514fab0','curd',10.43,3.75,39.11),('2023-06-06','60556361-cca7-4cf9-8960-7e5bfa16e548','0ed86746-eaed-4c97-80a2-a22858ea05cd','brinjal',34.50,1.62,55.89),('2023-09-26','607be145-9165-4aa8-8cd1-02504c67c923','2ac79cb7-7b13-4417-a44b-9283b6141a40','milk',11.50,1.71,19.67),('2023-05-06','607c1dad-9cc0-435e-a097-ab43fa617152','eae48d90-7d36-4aae-a187-26cc2ffe64f4','almonds',11.25,1.00,11.25),('2023-04-11','60a392ac-5256-46ad-9cb2-d039ae0fc6b5','ef4b84f2-98ed-439d-84d4-425fa91d9383','strawberry',8.86,1.60,14.18),('2023-10-29','60c94977-7fcc-4d00-a9a2-c78426cc071a','5d55b81b-ad78-4f9d-ad51-294253ff9d69','cashew nuts',7.67,0.14,1.07),('2023-10-09','60ddb974-b7bb-4144-8332-b8188ea55f8c','40d2a4e2-8f64-47e9-a696-f33acb5a69ef','dry grapes',32.50,0.25,8.13),('2022-12-29','6100f5da-0ae3-472d-961a-1a3a8d64c232','44e038d5-48c0-4d10-aea4-9ab95c9f1984','apple',4.33,2.00,8.66),('2023-09-26','610497e9-cce2-45f9-98ef-e43bb2c21553','1e2b9ac5-3313-4330-a106-ca0ad8437479','blueberry',9.50,1.43,13.59),('2023-12-04','611aa2ec-0052-4497-b3b3-9a4159346b7b','821a3544-f5f5-4c79-976a-51a5a64be8cb','lemon',9.62,3.67,35.31),('2023-05-30','6263f233-63d9-423e-9184-2a232d1e56b7','714cf5bd-f887-4bb0-8c8e-d37c8fc57ed9','curd',10.43,1.29,13.45),('2023-07-13','62e578c3-6c4c-4b8a-8930-7e2277550ed0','ba52d612-8555-46f2-8050-a1fef8a78439','blueberry',9.50,2.60,24.70),('2023-03-26','62ed7a6e-fabc-47ed-943d-96f72a4f452e','1135e9ec-f9f8-4f53-b0a4-1c6da481373e','cashew nuts',7.67,2.33,17.87),('2023-02-21','63bcce78-31e9-45cd-8409-3033a9e79d0f','3d13a421-4f90-4935-90e3-c005179de331','pistachio',13.00,0.75,9.75),('2023-07-15','647e5a9e-a968-49e1-bf3c-d4cadad209a2','cc47cb10-b758-40ad-be2f-a7da9bffa1f0','cashew nuts',7.67,6.00,46.02),('2023-01-09','64f1772c-cee2-4933-b7dc-69c9277c16ac','3d13a421-4f90-4935-90e3-c005179de331','rice',7.40,0.17,1.26),('2023-06-13','6521af04-cca7-45c9-bc80-fc40b747ed8c','d6591a88-04aa-4d08-8b9a-4a2027c98c38','rice',7.40,0.67,4.96),('2023-04-05','6532c249-eda4-41b5-b596-cbc5608098dd','051f6c78-f81b-4ae7-a934-5c5ad00e8af6','blueberry',9.50,2.80,26.60),('2023-08-31','655ba5b8-1deb-4ad8-a9a1-c201bf141b3d','1a59664d-75ec-4e0d-a4e2-91c6df50c3b3','blackberry',19.20,1.60,30.72),('2023-09-02','657b0f41-c466-46f1-93c1-5e9df7e6b051','821a3544-f5f5-4c79-976a-51a5a64be8cb','milk',11.50,0.38,4.37),('2023-01-07','6597c452-c578-4ea5-b5bb-568d1bc31eac','af1ff83c-c808-41d3-a3fe-0b6db514fab0','ghee',5.67,0.29,1.64),('2023-03-14','65b84d3d-f7d6-430d-aac0-b0207bb65d4d','7a11d204-c115-48c7-9fdc-f6122148cfb7','cashew nuts',7.67,0.50,3.84),('2023-07-25','665eceec-94a7-49da-9e27-06580d601521','76c1051a-975d-47ba-aa8e-052d329023a0','cashew nuts',7.67,2.00,15.34),('2023-01-16','66bd6548-6e68-4c85-920d-a13a7e31b566','763285f4-634d-4811-a57a-8ea7e05757c8','pumpkin seeds',2.00,1.00,2.00),('2023-04-20','66c49d14-05b8-4e23-bbc1-b66c67758e0c','3fc13a08-d298-4b38-82cc-e5f147a2ff71','blueberry',9.50,1.80,17.10),('2023-11-12','675f2083-edad-44a5-8fcc-fbb4ba09b64c','5ed30392-5cf2-476f-ad73-c2229279dfea','almonds',11.25,1.83,20.59),('2023-06-27','67a4520a-8a5a-4397-a7ca-40cb7b924b9e','08c35b48-4378-4871-8775-bd993dd0a356','dry grapes',32.50,0.25,8.13),('2023-10-18','67b5a845-bdd6-4962-b806-67dcb9c61c3a','0faf38e9-ee65-4f44-93d2-acb961624575','pistachio',13.00,1.50,19.50),('2023-02-01','682d178c-4169-4267-854d-dd9c6610abc2','40d2a4e2-8f64-47e9-a696-f33acb5a69ef','milk',11.50,4.00,46.00),('2023-01-14','687f1b14-0f09-42a5-bfaa-02c1db6e66ba','0ed86746-eaed-4c97-80a2-a22858ea05cd','carrot',6.12,0.40,2.45),('2023-07-21','6884a1ab-66b9-4a02-95dd-4c8fc5b447dc','3794d7d9-b147-4703-873a-5d31c46a3d95','apple',4.33,1.62,7.01),('2023-10-24','68a7d851-a11a-4b7c-837d-b80a463937d4','eae48d90-7d36-4aae-a187-26cc2ffe64f4','butter',15.50,1.80,27.90),('2023-08-18','68d0f320-f35f-4f41-bd0d-0847e24ec8f4','b4bccee7-8ae6-4624-bd84-a98ad13710ff','banana',8.88,1.50,13.32),('2023-05-31','69479685-6bdc-47a5-b85e-a0220cbbc48d','d4f655c4-4c4c-4914-b700-943ce16eba5a','curd',10.43,1.38,14.39),('2023-05-01','69c54d0f-3d43-4b2e-9139-1cd99befd190','7cb0bffd-8c10-4e09-99d8-e6b82badb6fb','curd',10.43,0.17,1.77),('2023-02-09','69da53b7-398c-4d53-81e8-a8cfcca097b2','665960dd-544f-4f02-8ee5-070e12ccc6d0','lemon',9.62,0.60,5.77),('2023-03-07','6a214932-f1d9-4144-96c4-61d3a923d85b','e21ac68a-b78d-4565-a0a0-6736e997300e','lemon',9.62,1.60,15.39),('2023-11-26','6a5b8335-aa99-43b9-ae3b-70d47ccb2105','8dcc6ad1-b7e3-4ff7-a83a-362a77cad817','pumpkin seeds',2.00,2.00,4.00),('2023-10-24','6a76cac1-eaa7-4830-94c5-c3e41d76cab0','ef4b84f2-98ed-439d-84d4-425fa91d9383','lemon',9.62,1.40,13.47),('2023-08-31','6a8f354b-5f31-4278-b475-46a49e218488','5f6820b6-8d71-4987-8c9e-94295305309a','dry grapes',32.50,3.67,119.28),('2023-05-08','6a9ef70b-dbc0-4c46-82de-2b07ff70d4ce','77de013a-6e4b-4efa-90ac-9e4b65a18cf5','almonds',11.25,1.80,20.25),('2023-12-07','6aa34064-4ec0-46ad-bac0-2530089b0755','77de013a-6e4b-4efa-90ac-9e4b65a18cf5','dry grapes',32.50,3.67,119.28),('2023-11-29','6adcca98-3a41-43dd-8db5-6649809beb0c','82d0b4aa-b35e-4430-9a6e-a3cd72e8c491','banana',8.88,2.00,17.76),('2023-01-26','6b02e62a-c38a-4592-bdb0-65ac335f8bfc','7ce4c1a0-8205-41de-a240-593cfefca140','milk',11.50,1.40,16.10),('2023-08-15','6b7eee8a-a3fe-43a4-9c8f-1d702651b6fd','3a51cafb-04dc-49c7-bfe0-7f811d13283b','blueberry',9.50,4.00,38.00),('2023-01-01','6baaefe1-612e-4554-acc6-54349104ceac','eae48d90-7d36-4aae-a187-26cc2ffe64f4','brinjal',34.50,1.60,55.20),('2023-01-30','6bef3dee-a5b9-4454-bb46-71cf433479ee','0ed86746-eaed-4c97-80a2-a22858ea05cd','dates',4.33,1.00,4.33),('2023-12-07','6c15d3e2-09aa-40ee-bbb4-6c8b9ffb1c19','665960dd-544f-4f02-8ee5-070e12ccc6d0','almonds',11.25,0.33,3.71),('2023-07-12','6c48bf8c-fee6-45dc-9ec4-ef43b490cc28','82d0b4aa-b35e-4430-9a6e-a3cd72e8c491','blackberry',19.20,1.40,26.88),('2022-12-22','6d31f302-7f0b-42de-89fd-5d62dc49d739','40d2a4e2-8f64-47e9-a696-f33acb5a69ef','dates',4.33,2.40,10.39),('2023-06-01','6d51210f-2bad-4ea3-95c4-cad077716a1c','d4f655c4-4c4c-4914-b700-943ce16eba5a','cucumber',5.33,1.33,7.09),('2023-04-20','6d6053cb-4a95-4d0a-8652-5a955db67e32','2ac79cb7-7b13-4417-a44b-9283b6141a40','butter',15.50,2.67,41.39),('2023-06-28','6e63e6ed-8b91-4b7d-8038-8a1a22ad7a60','5f6820b6-8d71-4987-8c9e-94295305309a','strawberry',8.86,3.00,26.58),('2023-10-29','6e8f8814-123d-479e-ab18-a228c8e45783','b4bccee7-8ae6-4624-bd84-a98ad13710ff','soyabean',22.33,1.20,26.80),('2023-06-29','6ecfe0db-0967-431c-9c00-56b9a134fb7e','30a6ccd2-d3d6-492a-a4cd-198d914b8031','apple',4.33,0.12,0.52),('2023-07-30','6ef9f600-3f6e-4a85-be82-7eb57d0cd16a','3d13a421-4f90-4935-90e3-c005179de331','lemon',9.62,1.83,17.60),('2023-03-11','6fa49be7-98b0-4baf-b817-ed365683e504','3794d7d9-b147-4703-873a-5d31c46a3d95','brinjal',34.50,3.50,120.75),('2023-06-22','6fc7edab-4a8b-495c-90e7-4a8c49ccc71f','612ec459-1971-4b6f-ac7a-64b327730fda','soyabean',22.33,0.67,14.96),('2023-01-27','6fdab805-4dc0-4ae0-a550-9131616c5741','cc47cb10-b758-40ad-be2f-a7da9bffa1f0','butter',15.50,0.29,4.50),('2023-11-03','70128649-a64e-4ada-9179-fc85819a2eb3','d4f655c4-4c4c-4914-b700-943ce16eba5a','apple',4.33,2.33,10.09),('2023-07-02','7014e300-55ce-4957-a59a-4f612df3f59e','7ce4c1a0-8205-41de-a240-593cfefca140','brinjal',34.50,4.00,138.00),('2023-04-21','7037b117-634e-41f8-b67c-09746ea716cc','e21ac68a-b78d-4565-a0a0-6736e997300e','lemon',9.62,0.75,7.22),('2023-11-04','7089db98-68e0-48a6-b90d-7fdf27cbb0ea','3d13a421-4f90-4935-90e3-c005179de331','sunflower seeds',23.00,1.40,32.20),('2023-05-29','7143855b-4f96-4925-b18e-0b6ae0f42eb0','0faf38e9-ee65-4f44-93d2-acb961624575','sunflower seeds',23.00,3.00,69.00),('2023-01-09','717d4ff5-d969-432a-993d-04d65df070fd','538f3392-fee1-47a5-8dca-330d140b1750','soyabean',22.33,1.75,39.08),('2023-05-27','718bf112-a757-4de3-9644-4b07d3787710','2ac79cb7-7b13-4417-a44b-9283b6141a40','brinjal',34.50,1.88,64.86),('2023-12-05','71959ecb-133f-4456-a14e-700fd43a406d','77de013a-6e4b-4efa-90ac-9e4b65a18cf5','banana',8.88,0.29,2.58),('2023-02-09','71a05536-eedd-4089-b119-04bbd367ce93','77de013a-6e4b-4efa-90ac-9e4b65a18cf5','pistachio',13.00,1.17,15.21),('2023-03-09','71a674dd-893d-4ac8-b5be-f2242f6d272d','82d0b4aa-b35e-4430-9a6e-a3cd72e8c491','cashew nuts',7.67,4.67,35.82),('2023-04-12','7220dab8-3f74-4e42-9d7b-c6b1e7b67851','08c35b48-4378-4871-8775-bd993dd0a356','lemon',9.62,1.71,16.45),('2023-08-23','724342ca-3998-46c6-a26c-674c8bbffe75','1e2b9ac5-3313-4330-a106-ca0ad8437479','banana',8.88,0.88,7.81),('2023-03-03','7245c82d-f204-4d6c-9201-f75f4dfcbdaa','821a3544-f5f5-4c79-976a-51a5a64be8cb','lemon',9.62,1.88,18.09),('2023-06-07','728b04da-e5ef-4a2d-b807-0f0c8a25632f','30a6ccd2-d3d6-492a-a4cd-198d914b8031','pistachio',13.00,1.40,18.20),('2023-09-13','728f45fa-f9e7-4da7-9b6d-f46f3ac14159','3fc13a08-d298-4b38-82cc-e5f147a2ff71','lemon',9.62,0.71,6.83),('2023-01-02','72d64ec6-b58b-49ba-85f4-0500c812d675','44e038d5-48c0-4d10-aea4-9ab95c9f1984','blueberry',9.50,2.00,19.00),('2023-07-30','733f5c87-2904-4b1d-979c-006b00542d72','b153bf67-1310-4675-bf23-b56b709d1657','banana',8.88,0.40,3.55),('2023-01-28','7342c4d1-d587-4152-a364-9d172ae705b9','77de013a-6e4b-4efa-90ac-9e4b65a18cf5','soyabean',22.33,1.67,37.29),('2023-10-24','73a29c3c-eebd-495f-ab22-d9f2107a93a5','77de013a-6e4b-4efa-90ac-9e4b65a18cf5','sunflower seeds',23.00,1.88,43.24),('2023-01-26','73a54fd9-4365-4c71-bccc-626466ca93fa','5d55b81b-ad78-4f9d-ad51-294253ff9d69','carrot',6.12,0.67,4.10),('2023-05-22','743c8f72-cdfa-45d3-962e-093966469a83','2ac79cb7-7b13-4417-a44b-9283b6141a40','butter',15.50,0.75,11.63),('2023-01-12','7442585d-b676-454a-a55b-4bf7645ae9fa','ba52d612-8555-46f2-8050-a1fef8a78439','pumpkin seeds',2.00,3.00,6.00),('2023-06-23','74434a16-aa6e-40d9-ba94-053b0b5b1d54','1e2b9ac5-3313-4330-a106-ca0ad8437479','pumpkin seeds',2.00,2.33,4.66),('2023-07-08','75df805e-5e92-453b-a6fd-b7c1cd665713','763285f4-634d-4811-a57a-8ea7e05757c8','butter',15.50,1.67,25.89),('2023-04-01','76291cd4-3279-4c52-a9c2-130f42cad50f','714cf5bd-f887-4bb0-8c8e-d37c8fc57ed9','butter',15.50,1.50,23.25),('2023-10-10','767506d4-1f2e-4e60-8172-e59f7a4e4b99','de4f8bdb-7678-4f30-ad05-501fcc4146de','rice',7.40,0.80,5.92),('2023-08-21','7699860a-28b0-41a4-be26-17009b844ddf','d4f655c4-4c4c-4914-b700-943ce16eba5a','milk',11.50,6.00,69.00),('2023-08-04','7711203c-3ec4-42b9-be5b-d7e015386e26','b153bf67-1310-4675-bf23-b56b709d1657','blackberry',19.20,3.50,67.20),('2023-10-26','7775508a-2595-4d52-9f30-e46c7059efcb','40d2a4e2-8f64-47e9-a696-f33acb5a69ef','lemon',9.62,2.80,26.94),('2023-06-16','780372a9-34e3-4360-9c96-9ed080d7095a','8dcc6ad1-b7e3-4ff7-a83a-362a77cad817','milk',11.50,0.14,1.61),('2023-03-20','781520be-4098-4fe2-80eb-9d4e94eaf34d','5ed30392-5cf2-476f-ad73-c2229279dfea','strawberry',8.86,1.40,12.40),('2023-01-28','7849636a-9a7b-4ae6-b91a-42d0cde96a01','eae48d90-7d36-4aae-a187-26cc2ffe64f4','ghee',5.67,2.67,15.14),('2023-02-10','793e17eb-e21c-417d-86ea-e71ca0af0084','714cf5bd-f887-4bb0-8c8e-d37c8fc57ed9','strawberry',8.86,1.00,8.86),('2022-12-25','796390f3-75cf-4e68-a290-76e0ab4557b2','cabb5150-dbaf-4ba7-bed5-3eed95beacdf','carrot',6.12,4.33,26.50),('2023-10-02','7a17b7c7-3708-40fb-a8c7-154bcacb52df','40d2a4e2-8f64-47e9-a696-f33acb5a69ef','sunflower seeds',23.00,0.29,6.67),('2023-10-17','7b81b2aa-f792-4703-8f13-531e3cc6e9fb','821a3544-f5f5-4c79-976a-51a5a64be8cb','blueberry',9.50,1.50,14.25),('2023-09-20','7bb4ce65-4fd7-4662-9ddd-52b674259841','3794d7d9-b147-4703-873a-5d31c46a3d95','banana',8.88,1.38,12.25),('2023-03-24','7be5ae2d-fa13-44f4-bf6f-bd4d12260b44','40d2a4e2-8f64-47e9-a696-f33acb5a69ef','pistachio',13.00,0.12,1.56),('2023-07-23','7bf6b90b-e3fb-455c-abfb-d3165c5fca17','1e2b9ac5-3313-4330-a106-ca0ad8437479','cashew nuts',7.67,2.00,15.34),('2023-05-20','7c1c233e-6c93-4957-93cc-7e0813b12a09','821a3544-f5f5-4c79-976a-51a5a64be8cb','carrot',6.12,0.83,5.08),('2023-10-23','7c444f7f-9bcf-47ca-a937-6e8c99d8fc1f','714cf5bd-f887-4bb0-8c8e-d37c8fc57ed9','pistachio',13.00,1.80,23.40),('2023-02-12','7c50681c-484f-406c-ba8d-a07583273437','e97572e6-9ac5-4b1e-b0b1-bf8710d5f980','banana',8.88,1.00,8.88),('2023-06-02','7d0b87b7-94f6-4b4e-af69-e995e597065b','ffe143b7-6839-41df-89bf-5aa48e2d5694','rice',7.40,2.50,18.50),('2023-11-26','7d6d6e07-c3e0-4f0a-8c72-318f64ae2009','821a3544-f5f5-4c79-976a-51a5a64be8cb','strawberry',8.86,7.50,66.45),('2023-03-22','7d7f9abc-99f2-4523-82c6-a6e724cd808b','1a59664d-75ec-4e0d-a4e2-91c6df50c3b3','soyabean',22.33,0.33,7.37),('2023-09-10','7dc644ed-2bb8-481c-9ea6-bc3c51c1c0a6','e866fa0f-4938-4b37-8522-08e38a78b073','dates',4.33,3.50,15.16),('2023-08-27','7defe1d6-39c6-49fc-bedd-f2b50f793f62','1e2b9ac5-3313-4330-a106-ca0ad8437479','rice',7.40,0.83,6.14),('2023-08-10','7e9ff4c3-49b8-4a81-8377-350d2de21354','665960dd-544f-4f02-8ee5-070e12ccc6d0','pistachio',13.00,0.50,6.50),('2023-10-09','7ee43b0f-b1ff-4acc-8572-2e5c7c945f3e','0ed86746-eaed-4c97-80a2-a22858ea05cd','carrot',6.12,0.29,1.77),('2023-10-12','7f2ff19d-7d49-4486-b621-076d2b54c4fa','97636c14-5842-4639-b70b-5ffe703b3b0c','cucumber',5.33,1.20,6.40),('2023-11-09','7f491575-d286-4b65-85ef-dd90f0bbe824','665960dd-544f-4f02-8ee5-070e12ccc6d0','ghee',5.67,1.71,9.70),('2023-06-30','7f6f3e17-975b-4b1b-b20d-9663a0499e43','30a6ccd2-d3d6-492a-a4cd-198d914b8031','butter',15.50,1.00,15.50),('2023-06-15','7f7d841f-0801-4e3d-a7fc-da94382dc6cf','665960dd-544f-4f02-8ee5-070e12ccc6d0','curd',10.43,1.00,10.43),('2023-03-20','7f8d3f95-18b4-452f-b26b-7f3e640a8e5c','0e7d649d-d5b3-46a9-99dc-fa71adffa087','rice',7.40,1.57,11.62),('2023-10-22','7fd7ac69-bd7f-4ddb-a3f5-fee52abd70e0','665960dd-544f-4f02-8ee5-070e12ccc6d0','sunflower seeds',23.00,0.38,8.74),('2023-04-13','8013c7ec-25fa-4ee2-b431-bcfc1ccb0b3a','5d55b81b-ad78-4f9d-ad51-294253ff9d69','dates',4.33,1.00,4.33),('2023-04-15','8016e7c0-f7cc-4798-a0d1-2e4bd2fef3f7','30a6ccd2-d3d6-492a-a4cd-198d914b8031','dry grapes',32.50,0.50,16.25),('2023-08-14','80263484-190a-4417-aef6-863c41bca8a1','76c1051a-975d-47ba-aa8e-052d329023a0','dates',4.33,4.00,17.32),('2023-05-15','80e7384f-4b21-4144-acee-7a6e7dad9f52','3d13a421-4f90-4935-90e3-c005179de331','cucumber',5.33,0.75,4.00),('2023-04-06','80fed53f-f250-40fb-a3a4-49e688a83f7f','1135e9ec-f9f8-4f53-b0a4-1c6da481373e','rice',7.40,0.80,5.92),('2023-06-19','81493ea7-7fda-4e78-aef8-630986f30eea','5ed30392-5cf2-476f-ad73-c2229279dfea','pistachio',13.00,3.75,48.75),('2023-10-12','8164c622-288a-422d-819d-561a88890531','763285f4-634d-4811-a57a-8ea7e05757c8','apple',4.33,2.67,11.56),('2023-06-04','81ac45e3-47a3-41a7-bc59-4137b2082c9c','538f3392-fee1-47a5-8dca-330d140b1750','banana',8.88,2.33,20.69),('2023-12-05','81fd8e52-6e7e-41cd-b208-3df9e3723b86','ba52d612-8555-46f2-8050-a1fef8a78439','pumpkin seeds',2.00,0.20,0.40),('2023-04-08','81ff058c-a165-4571-b1ac-a0b740165f36','b4bccee7-8ae6-4624-bd84-a98ad13710ff','banana',8.88,1.86,16.52),('2023-02-24','82976baa-40f2-411a-ad06-d374f76bf70e','5d55b81b-ad78-4f9d-ad51-294253ff9d69','butter',15.50,2.50,38.75),('2023-06-01','82afb20f-4988-492b-b5f8-2124ada2eb9c','d6591a88-04aa-4d08-8b9a-4a2027c98c38','banana',8.88,2.00,17.76),('2023-08-25','82d884b3-6f3e-4647-bee1-a019e9a285e8','3a51cafb-04dc-49c7-bfe0-7f811d13283b','sunflower seeds',23.00,3.00,69.00),('2023-11-24','82f83bfa-5c6c-47ae-b29c-6835a906eb09','de4f8bdb-7678-4f30-ad05-501fcc4146de','cashew nuts',7.67,1.25,9.59),('2023-05-12','834ba397-a4f1-4497-8854-ba8df05abb8a','8dcc6ad1-b7e3-4ff7-a83a-362a77cad817','ghee',5.67,1.00,5.67),('2023-05-18','83d7a3d2-eb89-4275-af6c-05c179d6b482','5d55b81b-ad78-4f9d-ad51-294253ff9d69','almonds',11.25,1.71,19.24),('2023-08-30','83fcd111-ae5b-44db-9fc0-50681aa76ece','ad217cd0-0359-453d-b2ba-68e2d1101043','almonds',11.25,1.50,16.88),('2023-03-29','84697420-cd74-4394-8030-01b3aaefd6ce','b153bf67-1310-4675-bf23-b56b709d1657','apple',4.33,1.57,6.80),('2023-06-12','849be1b1-801b-4ac5-a527-d2c31100ab91','ffe143b7-6839-41df-89bf-5aa48e2d5694','brinjal',34.50,1.00,34.50),('2023-02-21','84a997e7-5551-43e1-b6a6-6a016d07894a','76c1051a-975d-47ba-aa8e-052d329023a0','ghee',5.67,0.80,4.54),('2023-08-04','84b7aec0-0294-4946-97e8-db66cc2cde8f','5ed30392-5cf2-476f-ad73-c2229279dfea','banana',8.88,1.50,13.32),('2022-12-27','854f4d0d-a7f5-41b9-b0d2-bfa8a80ebe9c','1e2b9ac5-3313-4330-a106-ca0ad8437479','butter',15.50,0.60,9.30),('2023-09-04','8553e545-9b9d-4bd0-9b58-3372751daf79','76c1051a-975d-47ba-aa8e-052d329023a0','curd',10.43,1.83,19.09),('2023-12-03','858329f0-4c58-4d3c-8ecc-460380a90105','1a59664d-75ec-4e0d-a4e2-91c6df50c3b3','strawberry',8.86,0.17,1.51),('2023-05-27','858dfb61-00fb-45b5-bd52-f6fdd7bdf738','ad217cd0-0359-453d-b2ba-68e2d1101043','sunflower seeds',23.00,0.60,13.80),('2023-06-08','85b963fa-0ae5-4976-bc21-8c963fd94194','665960dd-544f-4f02-8ee5-070e12ccc6d0','carrot',6.12,1.43,8.75),('2023-02-13','861958d4-c62a-42c8-89ab-aa7e59f493fd','08c35b48-4378-4871-8775-bd993dd0a356','apple',4.33,1.00,4.33),('2022-12-21','8677e55a-d88b-496f-a161-b96264eaf8ea','0faf38e9-ee65-4f44-93d2-acb961624575','lemon',9.62,0.17,1.64),('2023-01-09','868a1425-7744-4bed-9568-c5e2aa07d4f8','5ed30392-5cf2-476f-ad73-c2229279dfea','dates',4.33,1.67,7.23),('2023-06-18','86b98760-baf6-4cef-8237-2a1fcf84cdf0','0ed86746-eaed-4c97-80a2-a22858ea05cd','carrot',6.12,2.00,12.24),('2023-08-25','86d81a5e-79e8-4de4-bc8e-bc2ca88fe89f','af1ff83c-c808-41d3-a3fe-0b6db514fab0','carrot',6.12,4.00,24.48),('2023-03-21','86f58b21-e43f-44e6-b8bc-115c7d64b0ee','82d0b4aa-b35e-4430-9a6e-a3cd72e8c491','sunflower seeds',23.00,1.67,38.41),('2023-11-07','8783cbff-6a31-454c-ae64-dca084c3d831','82d0b4aa-b35e-4430-9a6e-a3cd72e8c491','apple',4.33,0.67,2.90),('2023-06-23','878b0e21-8afa-46d1-a00f-41b705c1fa64','ba52d612-8555-46f2-8050-a1fef8a78439','almonds',11.25,0.57,6.41),('2023-11-03','878f9f36-bb56-4008-8fbe-567ca624ba36','30a6ccd2-d3d6-492a-a4cd-198d914b8031','lemon',9.62,1.67,16.07),('2023-10-20','87e91e57-d989-427b-9a5d-61aa07d8bd6e','538f3392-fee1-47a5-8dca-330d140b1750','strawberry',8.86,7.00,62.02),('2023-10-01','87efc598-267f-4d26-a81e-dff128a5059f','e866fa0f-4938-4b37-8522-08e38a78b073','butter',15.50,1.29,20.00),('2023-08-25','8800ec89-b0a4-4608-be30-1a8a9e6a1ce8','051f6c78-f81b-4ae7-a934-5c5ad00e8af6','blackberry',19.20,1.25,24.00),('2023-08-19','8805e099-9634-42fe-9a2b-089294457644','5f6820b6-8d71-4987-8c9e-94295305309a','pistachio',13.00,2.75,35.75),('2023-09-14','88bf39d7-d1ee-49dd-a7bf-4d0e273c1045','3d13a421-4f90-4935-90e3-c005179de331','almonds',11.25,1.50,16.88),('2023-08-06','891b9caf-cc2a-4b72-bf80-4ca5c0ec03a6','cabb5150-dbaf-4ba7-bed5-3eed95beacdf','apple',4.33,1.00,4.33),('2023-07-10','89289a5d-bf4a-492a-b706-84ab5cf2af82','44e038d5-48c0-4d10-aea4-9ab95c9f1984','lemon',9.62,1.43,13.76),('2023-05-07','89c8e11a-cf58-4f6d-8715-5355813d2e58','538f3392-fee1-47a5-8dca-330d140b1750','dry grapes',32.50,3.75,121.88),('2023-01-08','89ef7e38-363e-4b2d-a8c9-964a21868e94','30a6ccd2-d3d6-492a-a4cd-198d914b8031','rice',7.40,7.00,51.80),('2023-07-22','89f1c62c-bcfe-4e91-b061-9ad4de47c654','3fc13a08-d298-4b38-82cc-e5f147a2ff71','dry grapes',32.50,0.43,13.98),('2023-02-25','89faa100-fa32-40a6-8219-38bb41e69418','d4f655c4-4c4c-4914-b700-943ce16eba5a','ghee',5.67,0.60,3.40),('2023-07-18','8b09f160-51ae-4345-8034-7c459ea2f53b','821a3544-f5f5-4c79-976a-51a5a64be8cb','banana',8.88,1.75,15.54),('2023-06-21','8b40e4d4-2759-44d2-ae5d-bec2eb321584','44e038d5-48c0-4d10-aea4-9ab95c9f1984','cashew nuts',7.67,1.86,14.27),('2023-09-04','8ba81795-3f7b-472d-960c-24770843d158','3a51cafb-04dc-49c7-bfe0-7f811d13283b','dates',4.33,2.14,9.27),('2023-08-18','8baab11f-0f3d-4651-8167-291b8ae05833','76c1051a-975d-47ba-aa8e-052d329023a0','carrot',6.12,1.38,8.45),('2023-07-06','8bdaec24-33fd-42e9-9eb2-6fcb3d78aef9','ef4b84f2-98ed-439d-84d4-425fa91d9383','apple',4.33,3.75,16.24),('2023-11-29','8c1d9e7d-3488-47ce-ac76-399d23c5801b','5d55b81b-ad78-4f9d-ad51-294253ff9d69','dates',4.33,1.00,4.33),('2023-05-13','8c9d4dc7-8df2-4824-a9e9-cbc89d4f4447','2ac79cb7-7b13-4417-a44b-9283b6141a40','dry grapes',32.50,1.00,32.50),('2023-05-31','8d388969-31c1-4568-bd84-d0e404fdf86d','5f6820b6-8d71-4987-8c9e-94295305309a','butter',15.50,0.88,13.64),('2023-04-18','8d5c0cc7-01e4-437c-83e6-2f5205ab1a50','08c35b48-4378-4871-8775-bd993dd0a356','blackberry',19.20,4.33,83.14),('2023-03-27','8d95ccec-3a70-46e4-b809-9608c19695d1','ef4b84f2-98ed-439d-84d4-425fa91d9383','dates',4.33,1.33,5.76),('2023-09-14','8ddd873e-19bd-45f4-811b-99a02d2c03ac','eae48d90-7d36-4aae-a187-26cc2ffe64f4','soyabean',22.33,0.75,16.75),('2023-05-09','8e33726b-2f73-4e23-b71a-2ad353485573','ef4b84f2-98ed-439d-84d4-425fa91d9383','dry grapes',32.50,1.25,40.63),('2023-06-05','8ebde2f0-4857-4a8a-af64-a55f1467a1bf','7cb0bffd-8c10-4e09-99d8-e6b82badb6fb','strawberry',8.86,2.00,17.72),('2023-05-09','8ed58083-ec82-47c5-bfcb-2ae2cdc0cb6b','821a3544-f5f5-4c79-976a-51a5a64be8cb','rice',7.40,1.67,12.36),('2023-06-27','8f0c0130-c9cb-432a-b49b-05740cea5da1','30a6ccd2-d3d6-492a-a4cd-198d914b8031','lemon',9.62,3.33,32.03),('2023-11-06','8f2ff9f4-35a7-4472-afc0-06e0215635e5','cabb5150-dbaf-4ba7-bed5-3eed95beacdf','dates',4.33,1.33,5.76),('2023-06-21','8fe23ae6-b08a-4056-a93f-8be40f31380a','82d0b4aa-b35e-4430-9a6e-a3cd72e8c491','apple',4.33,3.00,12.99),('2023-01-18','90354bbf-e690-4b8e-af0c-5ab9bcf20422','1135e9ec-f9f8-4f53-b0a4-1c6da481373e','milk',11.50,1.71,19.67),('2023-09-12','9070cf0d-536d-4163-9a72-fa500fa9ed32','5ed30392-5cf2-476f-ad73-c2229279dfea','cucumber',5.33,4.67,24.89),('2023-08-25','90ec07c0-24f3-4a53-8d83-8d998a14d985','30a6ccd2-d3d6-492a-a4cd-198d914b8031','blueberry',9.50,0.67,6.37),('2022-12-18','90fc8cda-fe56-4880-ad69-b7efabe216c1','ef4b84f2-98ed-439d-84d4-425fa91d9383','curd',10.43,1.25,13.04),('2023-11-26','912589da-155c-4abe-91b3-9eb356dbd8c7','b153bf67-1310-4675-bf23-b56b709d1657','pistachio',13.00,1.75,22.75),('2023-07-10','9160d0b4-b605-4e34-8977-eaf1b1063909','e866fa0f-4938-4b37-8522-08e38a78b073','dry grapes',32.50,1.57,51.03),('2023-05-19','916c49c2-a12a-4f34-a26e-bc3fb6b7865b','8dcc6ad1-b7e3-4ff7-a83a-362a77cad817','dry grapes',32.50,1.67,54.28),('2023-09-13','91f5f137-5530-4608-b162-a37050727c84','ad217cd0-0359-453d-b2ba-68e2d1101043','banana',8.88,6.50,57.72),('2023-01-04','91fb7f7a-c47e-452b-ad6e-adc4a939bc2b','b4bccee7-8ae6-4624-bd84-a98ad13710ff','sunflower seeds',23.00,3.67,84.41),('2023-03-15','920268bb-cb80-44ea-ad7b-c8eb8e4f22c6','ef4b84f2-98ed-439d-84d4-425fa91d9383','apple',4.33,1.83,7.92),('2023-01-26','921abf90-b025-4eb6-a750-e4170ad16a53','40d2a4e2-8f64-47e9-a696-f33acb5a69ef','blackberry',19.20,1.88,36.10),('2023-09-11','92233a13-c835-4a86-a9cb-ffdf8aff1eb2','e97572e6-9ac5-4b1e-b0b1-bf8710d5f980','brinjal',34.50,1.40,48.30),('2023-06-12','922f37e1-0535-4188-9f7a-a570accebb71','77de013a-6e4b-4efa-90ac-9e4b65a18cf5','brinjal',34.50,0.25,8.63),('2023-04-23','92427ddb-d61b-4764-b508-589650d9774c','612ec459-1971-4b6f-ac7a-64b327730fda','butter',15.50,2.00,31.00),('2023-02-08','9250d39e-fea3-4a2b-86b9-93d3ec7229c7','7ce4c1a0-8205-41de-a240-593cfefca140','carrot',6.12,3.00,18.36),('2023-03-12','926af1ab-1e6a-482c-a4b1-22f113bf8b42','8dcc6ad1-b7e3-4ff7-a83a-362a77cad817','cashew nuts',7.67,2.25,17.26),('2023-10-13','927e83a9-3466-4ac8-b5df-3e78fab6226e','eae48d90-7d36-4aae-a187-26cc2ffe64f4','pistachio',13.00,4.67,60.71),('2022-12-20','92dd01b9-1134-406e-90b4-da6826243455','538f3392-fee1-47a5-8dca-330d140b1750','soyabean',22.33,1.17,26.13),('2023-06-07','92f9d3fd-0204-4805-9828-98d8fb5453ac','665960dd-544f-4f02-8ee5-070e12ccc6d0','cashew nuts',7.67,2.75,21.09),('2023-10-04','93351ec1-af49-484a-b01c-0b25b909dab7','de4f8bdb-7678-4f30-ad05-501fcc4146de','apple',4.33,0.33,1.43),('2023-02-27','938b3ce9-7b0c-48d7-b43b-62738e4eda66','7ce4c1a0-8205-41de-a240-593cfefca140','apple',4.33,0.50,2.17),('2023-05-08','93a381d9-bd07-4d7e-897c-0ca718d34e02','cabb5150-dbaf-4ba7-bed5-3eed95beacdf','cucumber',5.33,2.80,14.92),('2023-09-13','93acfbe9-11a5-4d83-95f8-2d690c6cc154','40d2a4e2-8f64-47e9-a696-f33acb5a69ef','carrot',6.12,3.00,18.36),('2023-09-18','93d7965b-fe86-46bf-a407-e39b55240e55','0faf38e9-ee65-4f44-93d2-acb961624575','pumpkin seeds',2.00,1.50,3.00),('2023-06-03','946b4974-0871-4933-aab8-e6f590ccd56d','3fc13a08-d298-4b38-82cc-e5f147a2ff71','carrot',6.12,1.33,8.14),('2023-11-04','950d520a-4713-4df0-b543-9e593e3b1ed2','5d55b81b-ad78-4f9d-ad51-294253ff9d69','sunflower seeds',23.00,1.60,36.80),('2023-10-14','9528d334-c945-40b1-a343-0b9e71f22fab','d4f655c4-4c4c-4914-b700-943ce16eba5a','banana',8.88,1.17,10.39),('2023-06-12','95377f4d-d2cd-4eef-994a-f779716d4a34','1e2b9ac5-3313-4330-a106-ca0ad8437479','banana',8.88,1.86,16.52),('2023-08-23','95378909-3335-42f9-bd4e-aaef1265be5b','7cb0bffd-8c10-4e09-99d8-e6b82badb6fb','apple',4.33,1.00,4.33),('2023-09-01','957ac359-aa0e-4edf-8b45-8e96fb283e77','714cf5bd-f887-4bb0-8c8e-d37c8fc57ed9','blackberry',19.20,4.50,86.40),('2023-04-29','95c4bd81-42d4-4e7f-b1e2-8ebb368ec3aa','d4f655c4-4c4c-4914-b700-943ce16eba5a','blackberry',19.20,2.50,48.00),('2023-02-16','95e1b92e-7283-461c-a9b7-8faa8e4ece22','8dcc6ad1-b7e3-4ff7-a83a-362a77cad817','cashew nuts',7.67,0.50,3.84),('2023-05-08','95f15866-1e6a-4bd1-9dff-e13ce1757642','77de013a-6e4b-4efa-90ac-9e4b65a18cf5','apple',4.33,0.17,0.74),('2023-10-04','961ed21d-98f9-40a8-be85-d5a111162dc4','0ed86746-eaed-4c97-80a2-a22858ea05cd','curd',10.43,4.00,41.72),('2023-06-29','96283b9f-7336-4032-a2db-630fd3451d09','7cb0bffd-8c10-4e09-99d8-e6b82badb6fb','banana',8.88,1.88,16.69),('2023-08-13','966d2316-2533-4d8b-8119-c728c3f41009','e866fa0f-4938-4b37-8522-08e38a78b073','curd',10.43,0.17,1.77),('2023-04-10','9677fd61-84f8-4bce-8f58-3ec17059e567','0e7d649d-d5b3-46a9-99dc-fa71adffa087','cucumber',5.33,1.38,7.36),('2023-11-24','968e3501-47fd-4183-b5c4-62e7043573bf','8dcc6ad1-b7e3-4ff7-a83a-362a77cad817','milk',11.50,0.60,6.90),('2023-04-30','96b6a226-2159-4664-aa59-d0d51f14a474','82d0b4aa-b35e-4430-9a6e-a3cd72e8c491','almonds',11.25,1.00,11.25),('2023-05-09','96bac78e-5e82-4783-ba5e-0f6bc1271dc3','ac40626d-0f62-47d2-a8c7-ba3d0dc0b8fd','almonds',11.25,0.62,6.98),('2023-06-29','97d062f3-6e37-425b-a7db-45b6a1277e6b','051f6c78-f81b-4ae7-a934-5c5ad00e8af6','almonds',11.25,1.40,15.75),('2023-05-30','97f7d117-4a25-4d2d-980c-2f709a20405b','051f6c78-f81b-4ae7-a934-5c5ad00e8af6','brinjal',34.50,7.00,241.50),('2023-08-15','98204599-d00b-4c4e-95ef-6569abdff3c3','7cb0bffd-8c10-4e09-99d8-e6b82badb6fb','blackberry',19.20,2.25,43.20),('2023-08-05','984ce87f-91a5-483d-b9b1-78bebb854398','5d55b81b-ad78-4f9d-ad51-294253ff9d69','banana',8.88,3.00,26.64),('2023-01-23','98991b73-e8d1-4ae3-91c2-f3876470ad1e','7ce4c1a0-8205-41de-a240-593cfefca140','ghee',5.67,1.50,8.51),('2023-08-12','98ad8e8d-3faa-4170-bbae-d9881c1bd0a0','5ed30392-5cf2-476f-ad73-c2229279dfea','milk',11.50,1.00,11.50),('2023-12-09','98b6426a-69ab-4c87-8b5a-36ff80e234ef','82d0b4aa-b35e-4430-9a6e-a3cd72e8c491','milk',11.50,0.75,8.63),('2023-09-06','98bdfe7a-69c9-4d14-aa23-73959298afe7','82d0b4aa-b35e-4430-9a6e-a3cd72e8c491','dry grapes',32.50,0.25,8.13),('2023-11-27','990eed56-53a2-4751-ba9c-2a1d59670a8c','7ce4c1a0-8205-41de-a240-593cfefca140','carrot',6.12,1.00,6.12),('2023-06-22','9922fd69-4ebe-4c69-ab45-dd75a90885f4','cc47cb10-b758-40ad-be2f-a7da9bffa1f0','sunflower seeds',23.00,1.50,34.50),('2023-11-17','99315869-3dc2-44a4-8f7c-f39bb593f851','ac40626d-0f62-47d2-a8c7-ba3d0dc0b8fd','rice',7.40,1.00,7.40),('2023-04-29','99374a9e-9133-4ff3-8b91-55e75cc5a01d','2ac79cb7-7b13-4417-a44b-9283b6141a40','blueberry',9.50,7.50,71.25),('2023-01-21','9a0be96b-f1f5-4488-9577-f69fe3dd78cd','e866fa0f-4938-4b37-8522-08e38a78b073','almonds',11.25,0.80,9.00),('2023-08-02','9a26849a-0528-48b3-8ace-06c16578bd6e','7a11d204-c115-48c7-9fdc-f6122148cfb7','apple',4.33,0.60,2.60),('2023-01-27','9a4374ea-f911-499c-973a-cba026e67b0d','ffe143b7-6839-41df-89bf-5aa48e2d5694','blackberry',19.20,3.00,57.60),('2023-10-02','9a4bc435-dc93-4384-901c-7f6f7ff2cc84','612ec459-1971-4b6f-ac7a-64b327730fda','strawberry',8.86,1.50,13.29),('2023-11-27','9ad2952b-1b19-429a-81aa-603c48d32a02','82d0b4aa-b35e-4430-9a6e-a3cd72e8c491','milk',11.50,3.00,34.50),('2023-09-24','9b69a354-2153-4f20-8a74-d51e88127b9f','0faf38e9-ee65-4f44-93d2-acb961624575','banana',8.88,1.17,10.39),('2023-03-11','9b9713af-d0fe-445b-addf-60a172cf706a','b153bf67-1310-4675-bf23-b56b709d1657','dry grapes',32.50,4.00,130.00),('2023-08-28','9c31a4d1-5cd9-4c8d-a6b5-9646e6ad7767','3d13a421-4f90-4935-90e3-c005179de331','milk',11.50,3.50,40.25),('2023-04-05','9c4df878-528a-429b-8708-dae42df717ec','ad217cd0-0359-453d-b2ba-68e2d1101043','sunflower seeds',23.00,5.00,115.00),('2023-05-10','9c57a377-0c11-4535-bbab-191673b51d9a','5ed30392-5cf2-476f-ad73-c2229279dfea','lemon',9.62,1.20,11.54),('2023-06-05','9c76969e-4d9b-425c-9e8c-ce9e2fe34ed5','ffe143b7-6839-41df-89bf-5aa48e2d5694','dates',4.33,2.14,9.27),('2023-10-23','9c9389d7-47c7-4990-abd3-f58b3a027827','cabb5150-dbaf-4ba7-bed5-3eed95beacdf','blackberry',19.20,0.33,6.34),('2023-01-30','9c99b134-cbf1-45d7-8c0e-9e48c486ec3a','ffe143b7-6839-41df-89bf-5aa48e2d5694','dry grapes',32.50,1.38,44.85),('2023-04-03','9ccd1dcb-f1a7-4b4f-a00d-2a8c147d5779','538f3392-fee1-47a5-8dca-330d140b1750','sunflower seeds',23.00,0.40,9.20),('2023-10-17','9cf4e395-c67b-41a6-97a4-f5be683934bc','3d13a421-4f90-4935-90e3-c005179de331','pumpkin seeds',2.00,1.43,2.86),('2023-08-01','9d807b64-d1a9-4f3a-bc8d-97c2504cf581','3fc13a08-d298-4b38-82cc-e5f147a2ff71','pumpkin seeds',2.00,1.83,3.66),('2023-10-08','9d86ab79-0821-4f67-9f99-85cb555d27bf','612ec459-1971-4b6f-ac7a-64b327730fda','soyabean',22.33,4.33,96.69),('2023-08-08','9d8a5ed8-b0bd-4273-9f2c-11c1c07585d1','e21ac68a-b78d-4565-a0a0-6736e997300e','ghee',5.67,1.80,10.21),('2023-10-05','9da91aec-bc8a-4cfc-9149-e12d1b4e5a2d','821a3544-f5f5-4c79-976a-51a5a64be8cb','strawberry',8.86,1.50,13.29),('2023-11-19','9de96c6a-abb0-4efc-8ba2-267779514263','0faf38e9-ee65-4f44-93d2-acb961624575','sunflower seeds',23.00,4.50,103.50),('2023-06-17','9e11f99d-93d5-412c-a585-2600ccb1887e','7ce4c1a0-8205-41de-a240-593cfefca140','brinjal',34.50,1.50,51.75),('2023-10-15','9e2886a8-c44d-4cb0-94a9-b9a574a60f03','b153bf67-1310-4675-bf23-b56b709d1657','blueberry',9.50,0.60,5.70),('2023-01-06','9e293ab4-22ac-46e8-aa7c-e73455432d35','1e2b9ac5-3313-4330-a106-ca0ad8437479','pumpkin seeds',2.00,0.67,1.34),('2023-02-10','9e518354-54a4-4571-adaa-8c9292a33c9c','7ce4c1a0-8205-41de-a240-593cfefca140','lemon',9.62,1.00,9.62),('2023-10-20','9ec2dcfd-00c2-49a9-a373-c353c9409151','82d0b4aa-b35e-4430-9a6e-a3cd72e8c491','dry grapes',32.50,3.25,105.63),('2023-02-21','9f24a1df-9a37-48af-8b9a-6f3a89ff1d10','1135e9ec-f9f8-4f53-b0a4-1c6da481373e','ghee',5.67,6.50,36.86),('2023-02-14','9f71624c-2fc0-4bb5-b4d9-cc1b11a2f22f','763285f4-634d-4811-a57a-8ea7e05757c8','butter',15.50,0.50,7.75),('2023-04-16','9fef4882-0c9a-4304-ae84-20bd83bd35b7','44e038d5-48c0-4d10-aea4-9ab95c9f1984','dry grapes',32.50,4.00,130.00),('2022-12-10','a0049b71-548f-4992-b05d-9993bc4236b3','77de013a-6e4b-4efa-90ac-9e4b65a18cf5','cucumber',5.33,0.33,1.76),('2023-06-12','a0b5ba3b-be1e-4f29-81e2-1edfcefd2ae2','82d0b4aa-b35e-4430-9a6e-a3cd72e8c491','blueberry',9.50,2.00,19.00),('2023-11-27','a0f61ea3-9e65-4d17-94ec-5d83771253e4','0faf38e9-ee65-4f44-93d2-acb961624575','cashew nuts',7.67,3.00,23.01),('2023-03-25','a1982f67-f3d0-4cbb-a4b4-470c4ded1f56','ffe143b7-6839-41df-89bf-5aa48e2d5694','blackberry',19.20,3.50,67.20),('2023-10-22','a1f2bb9a-8945-4f93-9bf8-39d3bf803127','cabb5150-dbaf-4ba7-bed5-3eed95beacdf','cashew nuts',7.67,0.83,6.37),('2023-02-27','a2272e5a-23fe-411e-ac2c-2f0992813a19','8dcc6ad1-b7e3-4ff7-a83a-362a77cad817','butter',15.50,0.40,6.20),('2023-09-12','a238e09e-2343-46e9-93b1-5fa75778031b','3a51cafb-04dc-49c7-bfe0-7f811d13283b','apple',4.33,2.50,10.83),('2023-03-31','a2717906-e64e-4d9b-b790-e83c9665cabb','ba52d612-8555-46f2-8050-a1fef8a78439','blueberry',9.50,1.00,9.50),('2023-11-22','a2e2d3ca-bfc1-4db2-be52-c4e5173bc604','665960dd-544f-4f02-8ee5-070e12ccc6d0','lemon',9.62,5.50,52.91),('2023-09-10','a2e3bd56-8b26-4313-bc89-6a29f6d25df8','08c35b48-4378-4871-8775-bd993dd0a356','almonds',11.25,1.50,16.88),('2023-02-11','a33966a6-7507-43e2-8e92-174872328b67','40d2a4e2-8f64-47e9-a696-f33acb5a69ef','almonds',11.25,0.80,9.00),('2023-09-26','a391b64b-51c6-4f70-806b-8613cde253b3','7a11d204-c115-48c7-9fdc-f6122148cfb7','almonds',11.25,4.00,45.00),('2023-01-05','a399e656-12bb-474f-bab1-dec410565585','30a6ccd2-d3d6-492a-a4cd-198d914b8031','soyabean',22.33,0.50,11.17),('2022-12-14','a3bd8f3b-7bad-4665-b880-fdcfd6e01527','97636c14-5842-4639-b70b-5ffe703b3b0c','cucumber',5.33,1.60,8.53),('2023-01-17','a3da37ef-ebd0-496e-996d-41f9ea1f41c3','612ec459-1971-4b6f-ac7a-64b327730fda','milk',11.50,0.38,4.37),('2023-10-26','a3fb9d1e-38a1-4dbf-83d6-3bf3c196dd4b','eae48d90-7d36-4aae-a187-26cc2ffe64f4','pistachio',13.00,2.75,35.75),('2023-05-27','a40ec8f6-9e16-458f-9d40-6717031d20f3','5ed30392-5cf2-476f-ad73-c2229279dfea','blueberry',9.50,1.14,10.83),('2023-03-24','a416b18c-1f65-4afa-be0a-d5e2bb98c010','40d2a4e2-8f64-47e9-a696-f33acb5a69ef','ghee',5.67,1.33,7.54),('2023-02-25','a42a96e6-2bc4-40fc-b6f2-de5b95dc161e','97636c14-5842-4639-b70b-5ffe703b3b0c','almonds',11.25,2.25,25.31),('2023-05-09','a450c7da-e7d6-424e-8d6d-ba712c4a0b12','e97572e6-9ac5-4b1e-b0b1-bf8710d5f980','sunflower seeds',23.00,0.17,3.91),('2023-03-24','a5315418-c77e-4226-801b-d3d4095dd1cb','ba52d612-8555-46f2-8050-a1fef8a78439','pumpkin seeds',2.00,0.71,1.42),('2023-04-11','a5494565-6276-476f-b2b9-96ce491e7fec','44e038d5-48c0-4d10-aea4-9ab95c9f1984','dates',4.33,0.50,2.17),('2023-10-07','a55ae1f8-f782-47ad-81b8-1f8c8c0711f9','cabb5150-dbaf-4ba7-bed5-3eed95beacdf','dry grapes',32.50,1.33,43.23),('2023-06-30','a5a26c81-fcbb-4794-bb32-9c2fb7c705af','5d55b81b-ad78-4f9d-ad51-294253ff9d69','banana',8.88,1.50,13.32),('2023-04-03','a5d3fc1a-b909-438d-b38e-26a54fd1cdd0','1a59664d-75ec-4e0d-a4e2-91c6df50c3b3','almonds',11.25,0.12,1.35),('2023-03-27','a5df0cb3-c561-4de4-8da0-c1ac570a8d20','3d13a421-4f90-4935-90e3-c005179de331','dates',4.33,2.00,8.66),('2023-07-23','a607fe76-3999-4260-b1ae-799de22bd973','763285f4-634d-4811-a57a-8ea7e05757c8','sunflower seeds',23.00,1.33,30.59),('2023-01-14','a6379fb8-cf70-4322-8d95-0a3260cc0724','3a51cafb-04dc-49c7-bfe0-7f811d13283b','dry grapes',32.50,2.20,71.50),('2022-12-22','a643e18b-18f5-4801-93c5-85e782778e7b','3a51cafb-04dc-49c7-bfe0-7f811d13283b','almonds',11.25,6.50,73.13),('2023-04-06','a6b45deb-ed7d-4447-ab9c-a48853f11cc8','cc47cb10-b758-40ad-be2f-a7da9bffa1f0','lemon',9.62,1.50,14.43),('2023-06-23','a6bdf169-164e-4708-a296-5083e8be35c3','b4bccee7-8ae6-4624-bd84-a98ad13710ff','rice',7.40,1.25,9.25),('2023-05-13','a6d324d4-6f1e-4305-872d-a849d219d9c5','d6591a88-04aa-4d08-8b9a-4a2027c98c38','dry grapes',32.50,2.75,89.38),('2023-05-04','a6f46956-4a6a-45ea-b492-4f35f767f7ab','77de013a-6e4b-4efa-90ac-9e4b65a18cf5','soyabean',22.33,1.38,30.82),('2023-07-08','a6f92e2b-b301-42c0-8c58-f2e1da8dc2b3','de4f8bdb-7678-4f30-ad05-501fcc4146de','soyabean',22.33,7.50,167.48),('2023-01-10','a71eedcc-974a-4023-b15d-91a0764f4e55','b153bf67-1310-4675-bf23-b56b709d1657','butter',15.50,3.00,46.50),('2022-12-31','a73e9ed5-bf75-4e1c-a599-1b0a3eb690e0','538f3392-fee1-47a5-8dca-330d140b1750','brinjal',34.50,0.17,5.87),('2023-08-05','a76d1143-028c-4c08-b42b-be98d0d041a2','0ed86746-eaed-4c97-80a2-a22858ea05cd','pumpkin seeds',2.00,5.00,10.00),('2023-05-05','a80d6ad4-6af8-4eb6-8c40-d0f84980e8e3','82d0b4aa-b35e-4430-9a6e-a3cd72e8c491','butter',15.50,2.17,33.64),('2023-07-14','a901a45b-07ff-412c-b87f-cc0f6f964718','ffe143b7-6839-41df-89bf-5aa48e2d5694','pumpkin seeds',2.00,0.67,1.34),('2023-06-21','a903cda1-5dda-4419-b029-b5d37a850eb7','eae48d90-7d36-4aae-a187-26cc2ffe64f4','blackberry',19.20,0.33,6.34),('2023-06-10','a92dd918-2371-46df-b67b-752c16ec0337','7cb0bffd-8c10-4e09-99d8-e6b82badb6fb','pumpkin seeds',2.00,0.50,1.00),('2023-05-26','a95909cb-c2de-4704-a3b8-59a72e70d034','d4f655c4-4c4c-4914-b700-943ce16eba5a','strawberry',8.86,1.33,11.78),('2023-05-31','a9767619-8fe4-4e74-bd5a-44e914a91991','eae48d90-7d36-4aae-a187-26cc2ffe64f4','milk',11.50,0.62,7.13),('2023-04-22','a9c1c4f2-6458-40c3-bd5e-6a010e362a68','76c1051a-975d-47ba-aa8e-052d329023a0','cucumber',5.33,0.88,4.69),('2023-10-26','aa8d3d70-4fee-4068-82bc-07878fba2367','ef4b84f2-98ed-439d-84d4-425fa91d9383','dry grapes',32.50,3.33,108.23),('2023-06-20','aa9da89a-3e26-4506-93b8-0d6c54e3a125','e21ac68a-b78d-4565-a0a0-6736e997300e','butter',15.50,0.71,11.01),('2023-01-05','aaa83208-ab56-423e-8d0f-71d88f4ac415','3794d7d9-b147-4703-873a-5d31c46a3d95','soyabean',22.33,0.29,6.48),('2023-02-23','ab216d25-f428-4c4e-bf17-3a16dae0a7cc','3a51cafb-04dc-49c7-bfe0-7f811d13283b','cucumber',5.33,2.00,10.66),('2023-11-28','ab88b191-70c5-40d5-a353-94fa8be4520f','e866fa0f-4938-4b37-8522-08e38a78b073','strawberry',8.86,3.00,26.58),('2023-11-27','ab8ed20d-88a0-4b20-a2c9-f1a083cffe10','d6591a88-04aa-4d08-8b9a-4a2027c98c38','ghee',5.67,2.50,14.18),('2023-01-24','ac010230-176e-4792-8d2d-11d51b3f9751','97636c14-5842-4639-b70b-5ffe703b3b0c','lemon',9.62,1.75,16.84),('2023-01-12','ac1dd351-1954-43ce-865f-1d2197cd1a05','eae48d90-7d36-4aae-a187-26cc2ffe64f4','curd',10.43,1.67,17.42),('2023-07-25','ade105fd-1a37-4fe8-b379-907772e3b4f2','e866fa0f-4938-4b37-8522-08e38a78b073','pistachio',13.00,0.80,10.40),('2023-07-11','ade3cbd8-9d56-418c-bfa0-7690ef83cf3b','cc47cb10-b758-40ad-be2f-a7da9bffa1f0','cucumber',5.33,0.67,3.57),('2023-03-09','ae1d77cd-a927-457c-8982-ff151dae7459','1135e9ec-f9f8-4f53-b0a4-1c6da481373e','blueberry',9.50,0.50,4.75),('2022-12-25','ae824666-3e07-420e-950b-2c7542abddfe','8dcc6ad1-b7e3-4ff7-a83a-362a77cad817','dates',4.33,1.38,5.98),('2023-05-25','b0b66733-a145-4650-876c-9b9bd0634d1c','3794d7d9-b147-4703-873a-5d31c46a3d95','butter',15.50,0.60,9.30),('2023-11-04','b0c328e0-3e4b-46e8-9047-3695d08971c1','0e7d649d-d5b3-46a9-99dc-fa71adffa087','cucumber',5.33,1.00,5.33),('2023-06-30','b0f81235-809a-408e-8753-a551562d983b','cabb5150-dbaf-4ba7-bed5-3eed95beacdf','rice',7.40,2.20,16.28),('2023-01-09','b128cfb1-62d6-4f1c-9b28-c121bc0f256c','ffe143b7-6839-41df-89bf-5aa48e2d5694','ghee',5.67,2.00,11.34),('2023-10-19','b137b08e-5282-42f6-8008-3eb8e36ad919','2ac79cb7-7b13-4417-a44b-9283b6141a40','pumpkin seeds',2.00,2.17,4.34),('2023-03-19','b1abb973-7cdd-41d3-b35d-8101cd059f7f','3fc13a08-d298-4b38-82cc-e5f147a2ff71','milk',11.50,2.20,25.30),('2023-02-11','b1d1087e-55b3-491a-91bf-d54c2e600a27','7ce4c1a0-8205-41de-a240-593cfefca140','butter',15.50,2.67,41.39),('2023-02-25','b21476fd-71d7-4b0a-90c5-175ab50f4c3c','7a11d204-c115-48c7-9fdc-f6122148cfb7','dry grapes',32.50,0.88,28.60),('2023-10-29','b238ee0a-6580-421d-9dda-706d27991b36','0e7d649d-d5b3-46a9-99dc-fa71adffa087','pistachio',13.00,1.50,19.50),('2023-09-13','b2884dca-6032-4d9e-9b9c-fc08756f4a2a','665960dd-544f-4f02-8ee5-070e12ccc6d0','strawberry',8.86,0.50,4.43),('2023-03-03','b2c8b103-0bb9-459a-bcd1-f4ad531c5622','ef4b84f2-98ed-439d-84d4-425fa91d9383','pistachio',13.00,0.50,6.50),('2023-04-09','b3275936-db0f-4e9e-b852-121d06f671bd','af1ff83c-c808-41d3-a3fe-0b6db514fab0','cucumber',5.33,3.50,18.66),('2023-03-26','b3476659-2920-441c-a451-f787419b5328','08c35b48-4378-4871-8775-bd993dd0a356','dry grapes',32.50,5.00,162.50),('2023-03-05','b38504a7-30a3-46bf-bdc0-7f5ad0e3acc5','821a3544-f5f5-4c79-976a-51a5a64be8cb','rice',7.40,5.00,37.00),('2023-04-01','b3fea6af-981b-4c51-9747-060a8c030fad','08c35b48-4378-4871-8775-bd993dd0a356','blackberry',19.20,0.33,6.34),('2023-11-05','b4821d72-d2e0-4086-9bdb-8256b682fc70','af1ff83c-c808-41d3-a3fe-0b6db514fab0','sunflower seeds',23.00,0.57,13.11),('2023-04-24','b4b83c81-4b51-4f2b-88fe-f1c360c7b55e','cabb5150-dbaf-4ba7-bed5-3eed95beacdf','brinjal',34.50,3.00,103.50),('2023-04-15','b4c7cc44-fc6f-441a-b394-739d91ef1552','77de013a-6e4b-4efa-90ac-9e4b65a18cf5','apple',4.33,2.00,8.66),('2023-10-25','b596e759-9d7d-4c68-b80d-1dad4665a0a0','de4f8bdb-7678-4f30-ad05-501fcc4146de','pumpkin seeds',2.00,0.71,1.42),('2023-06-10','b59fc915-61b8-4cca-8ced-3e847ff7803f','7ce4c1a0-8205-41de-a240-593cfefca140','dates',4.33,2.50,10.83),('2023-01-17','b5f14b3c-c854-48af-a1f5-e433e88fdf6e','714cf5bd-f887-4bb0-8c8e-d37c8fc57ed9','sunflower seeds',23.00,1.00,23.00),('2023-09-21','b646e857-7748-4a76-a57a-24fd5118362e','cabb5150-dbaf-4ba7-bed5-3eed95beacdf','pistachio',13.00,1.25,16.25),('2023-10-10','b6d30bbb-1eed-42d1-b34a-7072d8106ea1','5ed30392-5cf2-476f-ad73-c2229279dfea','lemon',9.62,1.43,13.76),('2023-09-08','b753c909-7bb2-4a6c-96a0-cca087a7c765','e97572e6-9ac5-4b1e-b0b1-bf8710d5f980','sunflower seeds',23.00,0.14,3.22),('2023-10-18','b8405521-1ca7-460a-baa0-ff33070fed42','1e2b9ac5-3313-4330-a106-ca0ad8437479','apple',4.33,5.50,23.82),('2023-06-25','b8903ee3-3bf2-45e5-afb7-9efb77260024','76c1051a-975d-47ba-aa8e-052d329023a0','blackberry',19.20,0.80,15.36),('2023-11-01','b8a24e7a-eae1-49b2-b26d-c355675c8978','b4bccee7-8ae6-4624-bd84-a98ad13710ff','brinjal',34.50,2.50,86.25),('2023-06-29','b8a7bfeb-44ac-4d40-9e83-bd161075f5f9','77de013a-6e4b-4efa-90ac-9e4b65a18cf5','curd',10.43,2.60,27.12),('2022-12-09','b8b5857c-7668-4911-a83c-0af6b9ecb28b','1a59664d-75ec-4e0d-a4e2-91c6df50c3b3','pistachio',13.00,0.38,4.94),('2023-03-03','b8d1cfd4-9b4d-4d37-a11e-f4aed15831c3','5f6820b6-8d71-4987-8c9e-94295305309a','dry grapes',32.50,3.33,108.23),('2023-10-03','b9042e49-ec01-4791-93e0-4cfa3b8eeaf3','1135e9ec-f9f8-4f53-b0a4-1c6da481373e','cucumber',5.33,5.00,26.65),('2023-11-21','b964fd5b-086f-4b98-942c-1c6eb488739f','821a3544-f5f5-4c79-976a-51a5a64be8cb','cucumber',5.33,5.00,26.65),('2023-01-12','b96706a0-093b-4632-ad15-9e539035d84e','ba52d612-8555-46f2-8050-a1fef8a78439','pistachio',13.00,0.33,4.29),('2023-05-07','b9808e51-65f6-4d5a-bd5b-bd4f3ed64dbd','d4f655c4-4c4c-4914-b700-943ce16eba5a','sunflower seeds',23.00,1.33,30.59),('2023-03-09','b9847fa7-9254-4bf0-bbc8-b684f71388b4','8dcc6ad1-b7e3-4ff7-a83a-362a77cad817','dry grapes',32.50,5.00,162.50),('2023-11-30','b9d66bd7-a1ba-4f21-a407-18f3b21562b9','0e7d649d-d5b3-46a9-99dc-fa71adffa087','pistachio',13.00,5.00,65.00),('2023-03-19','bac6951e-bf18-4cea-8658-1b7d64724d1c','3d13a421-4f90-4935-90e3-c005179de331','soyabean',22.33,0.25,5.58),('2023-06-03','bb550e39-4dc3-4e3b-887d-71790e2d6c6d','821a3544-f5f5-4c79-976a-51a5a64be8cb','cashew nuts',7.67,4.00,30.68),('2023-02-01','bbab701a-e393-48de-8124-8f94ff297ae4','97636c14-5842-4639-b70b-5ffe703b3b0c','carrot',6.12,0.50,3.06),('2023-02-28','bc28e5b7-9fb5-4e3d-a065-f6403b1d289e','ef4b84f2-98ed-439d-84d4-425fa91d9383','soyabean',22.33,0.14,3.13),('2023-11-14','bc7c98b8-d7f8-4cdc-b79b-07d063187013','5d55b81b-ad78-4f9d-ad51-294253ff9d69','cashew nuts',7.67,2.40,18.41),('2023-01-09','bd5b157d-9455-4ac9-afd7-4c6a1f9e19fa','e21ac68a-b78d-4565-a0a0-6736e997300e','dates',4.33,1.25,5.41),('2023-10-14','be03c915-3075-4a24-9392-58c45cf283c0','44e038d5-48c0-4d10-aea4-9ab95c9f1984','lemon',9.62,0.17,1.64),('2023-10-29','be4cac75-7990-4479-ab4d-b0c5a3cfa938','612ec459-1971-4b6f-ac7a-64b327730fda','apple',4.33,3.25,14.07),('2023-06-30','be55cd29-c9e7-4593-bbde-0bed5b8d9f50','538f3392-fee1-47a5-8dca-330d140b1750','dates',4.33,0.33,1.43),('2023-07-16','be9275b0-0e4a-42c3-a8cc-3d4ccee0ec8c','7ce4c1a0-8205-41de-a240-593cfefca140','blueberry',9.50,2.00,19.00),('2023-11-03','be93f85b-d05f-4d46-b2c1-3555caed328d','76c1051a-975d-47ba-aa8e-052d329023a0','rice',7.40,2.14,15.84),('2022-12-23','be967f55-4388-4896-852c-8b4eef451919','3a51cafb-04dc-49c7-bfe0-7f811d13283b','blackberry',19.20,2.00,38.40),('2023-01-18','bec12ca7-0a78-4bd4-a91c-2a54bb3f1d03','1e2b9ac5-3313-4330-a106-ca0ad8437479','cashew nuts',7.67,1.75,13.42),('2023-02-09','beee036c-6186-44c6-bb33-fe3b90901648','b153bf67-1310-4675-bf23-b56b709d1657','carrot',6.12,5.50,33.66),('2023-05-12','bf08a868-49b6-49dc-a5d3-c32bacd1a973','0faf38e9-ee65-4f44-93d2-acb961624575','pumpkin seeds',2.00,3.75,7.50),('2023-08-07','bf18f724-cdb7-4ffe-9544-046a3f961c63','1e2b9ac5-3313-4330-a106-ca0ad8437479','cashew nuts',7.67,4.67,35.82),('2023-02-05','bf717431-7217-447c-ac2d-87a944cf9f59','ac40626d-0f62-47d2-a8c7-ba3d0dc0b8fd','banana',8.88,2.00,17.76),('2023-07-03','bffd2c7e-6406-421a-bae1-7fcda5b0d88e','1e2b9ac5-3313-4330-a106-ca0ad8437479','brinjal',34.50,0.33,11.39),('2023-05-17','c014f6e9-5490-407e-b131-8650cd1a50ee','5ed30392-5cf2-476f-ad73-c2229279dfea','banana',8.88,1.29,11.46),('2023-03-07','c02ed9d0-65a2-457d-a97a-a4e03a50f3a2','d6591a88-04aa-4d08-8b9a-4a2027c98c38','strawberry',8.86,0.71,6.29),('2023-06-12','c038de98-24d1-4c44-b39e-9296b73236bc','5ed30392-5cf2-476f-ad73-c2229279dfea','cucumber',5.33,0.75,4.00),('2023-07-14','c0bd8c5c-0a49-4dfe-a561-01c66ecb4ebe','de4f8bdb-7678-4f30-ad05-501fcc4146de','strawberry',8.86,2.00,17.72),('2023-07-10','c0fb1fac-e67a-4f03-9169-ce04c798721d','eae48d90-7d36-4aae-a187-26cc2ffe64f4','blackberry',19.20,6.00,115.20),('2023-08-30','c166cef4-7b55-48b5-8e87-c064b0b5cf82','e21ac68a-b78d-4565-a0a0-6736e997300e','lemon',9.62,2.50,24.05),('2023-09-17','c1aa7373-38f4-421c-829d-bda568ddcb97','e866fa0f-4938-4b37-8522-08e38a78b073','cucumber',5.33,0.33,1.76),('2023-08-22','c20ce408-8d75-4612-9c8a-3c8870134a78','cabb5150-dbaf-4ba7-bed5-3eed95beacdf','cashew nuts',7.67,1.00,7.67),('2023-04-04','c22dc7c5-654c-43a9-90d2-d1aa06475170','ba52d612-8555-46f2-8050-a1fef8a78439','dry grapes',32.50,0.60,19.50),('2023-06-14','c2aa3ec2-ca38-4bdb-92be-71531a459bbe','1e2b9ac5-3313-4330-a106-ca0ad8437479','curd',10.43,1.80,18.77),('2023-05-06','c2bdcf01-7a41-4366-96ef-79b73d455a09','b153bf67-1310-4675-bf23-b56b709d1657','brinjal',34.50,3.00,103.50),('2023-01-18','c2dbb125-4c8a-4a24-bf1d-5d0c573508ee','8dcc6ad1-b7e3-4ff7-a83a-362a77cad817','pistachio',13.00,6.00,78.00),('2023-02-10','c37c2e94-cdd5-40f7-84b5-618dba714721','ba52d612-8555-46f2-8050-a1fef8a78439','dates',4.33,3.00,12.99),('2023-08-20','c3d9378d-dbfc-4214-ac59-cf402bc87277','76c1051a-975d-47ba-aa8e-052d329023a0','rice',7.40,3.50,25.90),('2023-01-09','c43d1edd-e2bf-4046-b6ae-f8fedeeee3d1','2ac79cb7-7b13-4417-a44b-9283b6141a40','butter',15.50,2.00,31.00),('2023-05-01','c44ad2f1-639f-4062-9420-c9f9146e6f2b','ad217cd0-0359-453d-b2ba-68e2d1101043','blackberry',19.20,4.00,76.80),('2023-11-08','c51cc413-c468-4b3e-9afb-618d2ef63b60','5f6820b6-8d71-4987-8c9e-94295305309a','lemon',9.62,0.14,1.35),('2023-07-31','c54f499e-5b86-414e-b51b-a2a4cf23dea9','97636c14-5842-4639-b70b-5ffe703b3b0c','dates',4.33,0.40,1.73),('2023-11-03','c576464b-d967-408b-83bd-0701bed695de','b153bf67-1310-4675-bf23-b56b709d1657','dry grapes',32.50,5.00,162.50),('2023-10-16','c5ca5e33-0863-44b8-91da-c6e2d5f81e1d','665960dd-544f-4f02-8ee5-070e12ccc6d0','blackberry',19.20,1.33,25.54),('2023-08-07','c5cdc19a-767d-40dd-8f3f-b1ae9cdbaa14','44e038d5-48c0-4d10-aea4-9ab95c9f1984','ghee',5.67,1.62,9.19),('2022-12-21','c5fac64d-d722-4778-8594-460ae1f7af66','8dcc6ad1-b7e3-4ff7-a83a-362a77cad817','pumpkin seeds',2.00,1.75,3.50),('2023-08-26','c6189de1-4fdf-49c0-8775-4908b9dfafa0','665960dd-544f-4f02-8ee5-070e12ccc6d0','cashew nuts',7.67,0.33,2.53),('2023-03-15','c6a8a662-512c-48b4-8fe1-11be1d4bd30a','08c35b48-4378-4871-8775-bd993dd0a356','blueberry',9.50,1.75,16.63),('2022-12-20','c6def986-4608-4862-a796-e6e0176ee95a','cc47cb10-b758-40ad-be2f-a7da9bffa1f0','cucumber',5.33,0.75,4.00),('2023-07-16','c6e60365-4560-4c18-bdbb-60596cd91cf1','b4bccee7-8ae6-4624-bd84-a98ad13710ff','pistachio',13.00,1.38,17.94),('2023-07-30','c72853cc-162c-4679-b20c-c39ed4fe42b9','de4f8bdb-7678-4f30-ad05-501fcc4146de','cashew nuts',7.67,7.00,53.69),('2023-06-23','c7b8ec03-4b10-43b8-aa79-4a52622523e1','5d55b81b-ad78-4f9d-ad51-294253ff9d69','banana',8.88,3.25,28.86),('2023-03-04','c7c97024-6e38-456b-b977-d8c62165ae9c','5d55b81b-ad78-4f9d-ad51-294253ff9d69','almonds',11.25,0.83,9.34),('2023-10-15','c80a349c-fa87-4442-ba1c-4ccc63de041a','de4f8bdb-7678-4f30-ad05-501fcc4146de','pumpkin seeds',2.00,1.50,3.00),('2023-01-24','c8126e98-933a-4535-8dbf-3507ce864f80','763285f4-634d-4811-a57a-8ea7e05757c8','pistachio',13.00,0.25,3.25),('2023-07-21','c86f8730-a553-4e0f-b6f9-ea79b7da6587','1a59664d-75ec-4e0d-a4e2-91c6df50c3b3','cashew nuts',7.67,1.71,13.12),('2023-02-06','c8757e36-e85d-46f9-95d2-214200ef4329','714cf5bd-f887-4bb0-8c8e-d37c8fc57ed9','blackberry',19.20,2.33,44.74),('2023-03-28','c8b006bf-bb8f-441c-b5a6-cd62fdc921a2','8dcc6ad1-b7e3-4ff7-a83a-362a77cad817','sunflower seeds',23.00,0.60,13.80),('2023-11-03','c8d87a9d-c50e-4797-a573-fc5499c6397c','8dcc6ad1-b7e3-4ff7-a83a-362a77cad817','banana',8.88,0.12,1.07),('2023-11-05','c97813ae-0ae2-43ee-9ec6-e16d8dbcf9c2','82d0b4aa-b35e-4430-9a6e-a3cd72e8c491','dry grapes',32.50,0.57,18.53),('2023-03-20','c99a8d87-f86f-4bc6-bb28-7b41c149c69a','77de013a-6e4b-4efa-90ac-9e4b65a18cf5','ghee',5.67,0.67,3.80),('2023-10-08','c9a3302b-1068-4ac6-aa87-858f091dc6bc','0e7d649d-d5b3-46a9-99dc-fa71adffa087','blackberry',19.20,1.60,30.72),('2023-03-29','c9bbc32a-fc75-4cc5-ad37-36ca37562750','8dcc6ad1-b7e3-4ff7-a83a-362a77cad817','rice',7.40,5.00,37.00),('2023-05-24','c9ed088a-9c77-4850-9db3-1ecd7b2843da','eae48d90-7d36-4aae-a187-26cc2ffe64f4','butter',15.50,2.67,41.39),('2023-06-26','c9ef135b-90b4-4d98-88f2-6bd6d902419e','e97572e6-9ac5-4b1e-b0b1-bf8710d5f980','strawberry',8.86,1.25,11.08),('2023-01-04','ca1bbd0d-cc52-49a7-90db-a7634f6c393a','0ed86746-eaed-4c97-80a2-a22858ea05cd','dates',4.33,0.25,1.08),('2023-05-19','ca4c1e23-c3b9-4623-b09c-b3f8d95b333b','1e2b9ac5-3313-4330-a106-ca0ad8437479','banana',8.88,6.50,57.72),('2023-01-20','ca7f975b-ade6-44f0-b9fc-29665a082cb8','b153bf67-1310-4675-bf23-b56b709d1657','apple',4.33,1.88,8.14),('2023-06-06','cae1a9a2-28ef-4560-aae1-e32716288e11','eae48d90-7d36-4aae-a187-26cc2ffe64f4','cashew nuts',7.67,4.67,35.82),('2023-12-09','cb01030c-963c-48b6-857e-37477c90d5ff','0ed86746-eaed-4c97-80a2-a22858ea05cd','blackberry',19.20,1.38,26.50),('2023-05-08','cb3954f6-f622-4723-80ba-0499bc723db2','7a11d204-c115-48c7-9fdc-f6122148cfb7','blackberry',19.20,6.50,124.80),('2023-11-24','cb47465f-1598-4897-abf7-821c3db86af0','e866fa0f-4938-4b37-8522-08e38a78b073','soyabean',22.33,1.50,33.50),('2023-04-10','cb76b0e2-7d99-44d4-8ba0-240c9473dd2b','714cf5bd-f887-4bb0-8c8e-d37c8fc57ed9','soyabean',22.33,4.33,96.69),('2023-07-02','cb893e46-b6c0-4ebe-9b61-055eacf78d2d','08c35b48-4378-4871-8775-bd993dd0a356','soyabean',22.33,0.38,8.49),('2023-11-25','cb947169-a366-4a80-9cc5-909cb7f34aee','76c1051a-975d-47ba-aa8e-052d329023a0','milk',11.50,1.43,16.45),('2023-08-14','cc18687e-c0f7-4ca5-8d6c-85558a962c08','ef4b84f2-98ed-439d-84d4-425fa91d9383','soyabean',22.33,1.25,27.91),('2023-08-19','ccb5e5ca-341e-4e26-ac64-2a8faf6032c4','0e7d649d-d5b3-46a9-99dc-fa71adffa087','soyabean',22.33,2.00,44.66),('2023-07-12','cd0832c6-9f49-4da2-b394-db4d3eb741db','b153bf67-1310-4675-bf23-b56b709d1657','banana',8.88,1.88,16.69),('2023-01-25','cd830247-d953-41de-9c12-ba8e3a2eb4b5','de4f8bdb-7678-4f30-ad05-501fcc4146de','sunflower seeds',23.00,1.71,39.33),('2023-04-16','cdd21dc1-c2ad-4d47-a128-c276cae1b7a9','e866fa0f-4938-4b37-8522-08e38a78b073','butter',15.50,0.50,7.75),('2023-08-26','ce418906-3040-4527-9c16-20eb5b9b608a','1135e9ec-f9f8-4f53-b0a4-1c6da481373e','blackberry',19.20,0.75,14.40),('2023-05-09','ce4540a5-6ddc-4c4b-a3a6-28234cd58380','714cf5bd-f887-4bb0-8c8e-d37c8fc57ed9','strawberry',8.86,1.50,13.29),('2023-04-01','ce84a4d3-162d-49a8-b411-c7c8b88a7fd7','40d2a4e2-8f64-47e9-a696-f33acb5a69ef','cashew nuts',7.67,1.60,12.27),('2023-06-04','cee2e809-f636-49f3-983c-62f176f7ec46','b153bf67-1310-4675-bf23-b56b709d1657','brinjal',34.50,2.50,86.25),('2022-12-15','cee77035-45ec-48e6-b99d-19912833a218','3a51cafb-04dc-49c7-bfe0-7f811d13283b','cashew nuts',7.67,2.00,15.34),('2023-02-08','cf382dfc-16dc-423c-9627-381e6f13370e','e21ac68a-b78d-4565-a0a0-6736e997300e','cashew nuts',7.67,1.33,10.20),('2023-09-20','cf6dc51e-89a1-47a8-8da1-9633e98258a3','0faf38e9-ee65-4f44-93d2-acb961624575','soyabean',22.33,0.29,6.48),('2023-04-23','cf7ab706-f47c-4950-8f76-5d3fbd5e6b4b','3794d7d9-b147-4703-873a-5d31c46a3d95','banana',8.88,1.50,13.32),('2023-11-09','cf885826-6347-440a-a174-9615d99f49b8','ef4b84f2-98ed-439d-84d4-425fa91d9383','curd',10.43,2.00,20.86),('2023-06-25','d008d563-daec-4df3-94d8-5da74f905138','76c1051a-975d-47ba-aa8e-052d329023a0','sunflower seeds',23.00,0.88,20.24),('2023-04-29','d00c6385-6164-417e-a6da-caf5896807c4','e97572e6-9ac5-4b1e-b0b1-bf8710d5f980','strawberry',8.86,3.33,29.50),('2023-10-04','d04947f5-3fa5-4ba0-af7e-aeb391a1623d','cabb5150-dbaf-4ba7-bed5-3eed95beacdf','banana',8.88,0.83,7.37),('2023-02-08','d0e61b65-cb9d-4416-8f0e-ec6636bbeb5e','08c35b48-4378-4871-8775-bd993dd0a356','blueberry',9.50,5.50,52.25),('2023-11-04','d0fc9bc9-92e3-4b39-97b5-bd4c70af89ea','2ac79cb7-7b13-4417-a44b-9283b6141a40','milk',11.50,0.50,5.75),('2023-10-22','d1877069-c97a-449f-854c-46df5dc798a5','e97572e6-9ac5-4b1e-b0b1-bf8710d5f980','pistachio',13.00,2.80,36.40),('2023-03-01','d192088e-88bb-4605-be29-2e48748f7b5c','08c35b48-4378-4871-8775-bd993dd0a356','brinjal',34.50,0.17,5.87),('2023-09-03','d1ad355e-ef21-46f7-ba20-7ccb37cccb5c','ba52d612-8555-46f2-8050-a1fef8a78439','dates',4.33,1.75,7.58),('2023-05-25','d1f29d1a-7147-45dd-a3f2-be21b3eb5b1f','eae48d90-7d36-4aae-a187-26cc2ffe64f4','milk',11.50,1.50,17.25),('2023-10-04','d23c0ad1-7b3a-46c4-b94f-39592c8815b7','8dcc6ad1-b7e3-4ff7-a83a-362a77cad817','sunflower seeds',23.00,0.50,11.50),('2023-04-14','d24fd004-46bd-4974-8aae-619253aec921','af1ff83c-c808-41d3-a3fe-0b6db514fab0','sunflower seeds',23.00,0.33,7.59),('2023-07-28','d259000b-8b01-4785-a8de-2d3303392e2d','e866fa0f-4938-4b37-8522-08e38a78b073','milk',11.50,0.71,8.17),('2023-11-06','d4985597-7fef-4c10-8a5a-eaff46ebbee2','77de013a-6e4b-4efa-90ac-9e4b65a18cf5','carrot',6.12,1.00,6.12),('2023-09-07','d4c6ec82-51d7-41a6-9e16-2ba0878128c0','d4f655c4-4c4c-4914-b700-943ce16eba5a','brinjal',34.50,0.60,20.70),('2022-12-19','d5882c2b-557a-4781-a075-dec8e39d7a7b','051f6c78-f81b-4ae7-a934-5c5ad00e8af6','ghee',5.67,5.00,28.35),('2023-05-26','d5a3a4cc-923f-4661-a3c3-2a5c0b9cae5b','76c1051a-975d-47ba-aa8e-052d329023a0','blueberry',9.50,0.67,6.37),('2023-11-25','d61efe46-4e0d-42e8-85c8-699bb24dc20a','e866fa0f-4938-4b37-8522-08e38a78b073','carrot',6.12,1.20,7.34),('2023-03-21','d657b75b-744d-4805-962a-fdd34880c75a','b153bf67-1310-4675-bf23-b56b709d1657','apple',4.33,1.00,4.33),('2023-06-17','d72f61a5-b344-442d-a8d1-af310d207a09','ba52d612-8555-46f2-8050-a1fef8a78439','soyabean',22.33,3.33,74.36),('2023-04-14','d75759ab-5e14-4165-8768-d6d933ea3b6d','1e2b9ac5-3313-4330-a106-ca0ad8437479','ghee',5.67,1.00,5.67),('2023-07-21','d793c28c-c6b0-4587-84d2-e9f5b5d3f31b','7ce4c1a0-8205-41de-a240-593cfefca140','soyabean',22.33,1.86,41.53),('2023-08-26','d7aacf2f-2948-4454-9d6d-27c048be85c6','5ed30392-5cf2-476f-ad73-c2229279dfea','blueberry',9.50,3.00,28.50),('2023-07-08','d7eb9648-97f1-4e9c-842e-bf46fa72ddfa','e21ac68a-b78d-4565-a0a0-6736e997300e','sunflower seeds',23.00,4.00,92.00),('2023-08-20','d7fd71a4-e257-46f6-8729-0a3f4b06217f','0ed86746-eaed-4c97-80a2-a22858ea05cd','pistachio',13.00,0.80,10.40),('2023-09-27','d82204b8-3fcc-4363-a5c5-a0a85100ddfd','8dcc6ad1-b7e3-4ff7-a83a-362a77cad817','cashew nuts',7.67,1.71,13.12),('2023-05-13','d8b4d9bc-d155-4eca-8159-2291a2544aa3','7ce4c1a0-8205-41de-a240-593cfefca140','cucumber',5.33,0.29,1.55),('2023-04-08','d9081ef2-6002-4d5f-bf26-d613983d363d','1135e9ec-f9f8-4f53-b0a4-1c6da481373e','dates',4.33,1.62,7.01),('2023-07-28','d93bd3f0-55aa-453f-90ac-952bf59d0187','8dcc6ad1-b7e3-4ff7-a83a-362a77cad817','blackberry',19.20,1.25,24.00),('2023-08-09','d9547690-9d05-414a-8eb6-38f9f9e136a0','0e7d649d-d5b3-46a9-99dc-fa71adffa087','almonds',11.25,1.75,19.69),('2023-03-06','d9648b8a-9f5a-478d-bc60-e0b21c13683e','538f3392-fee1-47a5-8dca-330d140b1750','pumpkin seeds',2.00,1.00,2.00),('2023-11-16','d9658120-5911-4ba6-b6e0-2da54c5ba4ff','3d13a421-4f90-4935-90e3-c005179de331','blackberry',19.20,7.00,134.40),('2023-01-31','d996a952-b75a-4f0f-9592-020b54d42971','7ce4c1a0-8205-41de-a240-593cfefca140','lemon',9.62,3.00,28.86),('2023-03-19','d997d94f-99bf-4576-b60d-4c7365e526db','44e038d5-48c0-4d10-aea4-9ab95c9f1984','butter',15.50,5.00,77.50),('2023-05-27','d9cd6851-d668-412e-a075-9fffa2e06682','b4bccee7-8ae6-4624-bd84-a98ad13710ff','soyabean',22.33,1.83,40.86),('2023-03-08','d9d37bab-c518-42e4-a34b-ccda571a93b4','5ed30392-5cf2-476f-ad73-c2229279dfea','cucumber',5.33,7.00,37.31),('2023-09-26','da1d4629-34b1-4b7b-a700-c86a0d1f8b40','0e7d649d-d5b3-46a9-99dc-fa71adffa087','sunflower seeds',23.00,1.50,34.50),('2023-08-07','da81ef47-02ce-4517-aad7-5365039be105','ad217cd0-0359-453d-b2ba-68e2d1101043','cucumber',5.33,0.75,4.00),('2023-12-02','da9f04be-f3cd-4e2e-863d-e43a79a6d7a0','1135e9ec-f9f8-4f53-b0a4-1c6da481373e','blackberry',19.20,1.67,32.06),('2023-12-05','db49d63b-3bee-4869-900c-7f73fdb3b7cd','3fc13a08-d298-4b38-82cc-e5f147a2ff71','brinjal',34.50,0.20,6.90),('2023-10-16','dbde919e-9d3b-4742-8e04-e8a8473727f1','77de013a-6e4b-4efa-90ac-9e4b65a18cf5','dates',4.33,0.67,2.90),('2023-11-25','dc00c4bd-5598-43f4-aa59-5b7c1dfc7bd7','714cf5bd-f887-4bb0-8c8e-d37c8fc57ed9','carrot',6.12,1.60,9.79),('2023-04-21','dc0a604f-3529-41e4-9754-bc404bc0a665','714cf5bd-f887-4bb0-8c8e-d37c8fc57ed9','carrot',6.12,2.80,17.14),('2023-02-06','dc271444-c2f6-4e2c-96e3-aafea493e003','7ce4c1a0-8205-41de-a240-593cfefca140','strawberry',8.86,1.00,8.86),('2023-02-16','dc3788e7-4dfc-4e05-9bb9-d2a4579c1634','1e2b9ac5-3313-4330-a106-ca0ad8437479','milk',11.50,0.50,5.75),('2023-01-26','dc4894a3-b84f-463b-b280-abbfd3f0328a','5f6820b6-8d71-4987-8c9e-94295305309a','dates',4.33,1.25,5.41),('2023-03-24','dc6cb9f0-88e7-4b4d-a5d1-4cecff5565e0','5d55b81b-ad78-4f9d-ad51-294253ff9d69','cucumber',5.33,0.50,2.67),('2023-04-05','dcbed890-a5b4-417d-88eb-822a2e3cd3a6','821a3544-f5f5-4c79-976a-51a5a64be8cb','cashew nuts',7.67,1.43,10.97),('2023-01-29','dd0ea058-f0ee-4ed6-9d58-f18a3b321359','77de013a-6e4b-4efa-90ac-9e4b65a18cf5','blackberry',19.20,3.50,67.20),('2023-10-22','dd66013d-a546-48a3-8017-b465d5e2d998','d4f655c4-4c4c-4914-b700-943ce16eba5a','lemon',9.62,0.50,4.81),('2023-09-10','dd69a839-421d-484c-99d0-74e4bc14aca3','7cb0bffd-8c10-4e09-99d8-e6b82badb6fb','almonds',11.25,0.33,3.71),('2023-07-04','ddcd3ca5-4fab-4502-b3b5-af8851f91aab','de4f8bdb-7678-4f30-ad05-501fcc4146de','apple',4.33,3.50,15.16),('2023-03-02','ddf30257-0df7-4c36-a5d6-1161c08bec3e','5d55b81b-ad78-4f9d-ad51-294253ff9d69','sunflower seeds',23.00,0.50,11.50),('2023-02-15','de4fb09a-274e-4fe9-8340-96f672df5195','af1ff83c-c808-41d3-a3fe-0b6db514fab0','butter',15.50,0.17,2.64),('2023-02-25','de60328d-c6aa-455d-9361-a26699101940','cc47cb10-b758-40ad-be2f-a7da9bffa1f0','soyabean',22.33,3.25,72.57),('2023-05-31','deff2567-c0f4-4ec9-bca0-56eff321de48','08c35b48-4378-4871-8775-bd993dd0a356','butter',15.50,2.33,36.12),('2023-05-05','e01e1744-f846-41c0-bfaa-70ce0ce40466','0e7d649d-d5b3-46a9-99dc-fa71adffa087','lemon',9.62,6.50,62.53),('2023-09-01','e02c6790-68e9-4f6b-b057-c90fe7afa0a3','538f3392-fee1-47a5-8dca-330d140b1750','milk',11.50,6.50,74.75),('2023-02-16','e06d48ea-f304-4523-8a4f-14d67bf14a8f','d6591a88-04aa-4d08-8b9a-4a2027c98c38','apple',4.33,6.00,25.98),('2023-11-10','e091512d-8074-4886-ab34-c741d50741d1','d4f655c4-4c4c-4914-b700-943ce16eba5a','brinjal',34.50,0.57,19.67),('2023-08-08','e0c016d7-8a25-41f6-9b36-3b9d141afe09','0faf38e9-ee65-4f44-93d2-acb961624575','lemon',9.62,2.00,19.24),('2023-12-04','e0c71e89-382c-41f3-b81a-83f2a68fe47b','051f6c78-f81b-4ae7-a934-5c5ad00e8af6','soyabean',22.33,1.60,35.73),('2023-08-02','e0da88fa-1c3f-4227-b48a-23d8e2042e3b','0faf38e9-ee65-4f44-93d2-acb961624575','blueberry',9.50,1.33,12.64),('2023-12-08','e11b58a5-89bc-4b2f-b676-755d3b5bc3f2','76c1051a-975d-47ba-aa8e-052d329023a0','almonds',11.25,3.67,41.29),('2023-05-18','e1872d96-7373-4073-81a1-5975ad92a887','763285f4-634d-4811-a57a-8ea7e05757c8','blackberry',19.20,0.62,11.90),('2023-04-11','e19aa771-4cf3-49c8-9aa1-17ab6ef4f14a','2ac79cb7-7b13-4417-a44b-9283b6141a40','strawberry',8.86,1.67,14.80),('2023-11-20','e201f30d-f891-4a92-96ef-cd795187aa7d','cc47cb10-b758-40ad-be2f-a7da9bffa1f0','strawberry',8.86,1.20,10.63),('2023-04-23','e2bc99fd-1eec-44c4-aaa3-d37a6eb19c2b','eae48d90-7d36-4aae-a187-26cc2ffe64f4','apple',4.33,1.29,5.59),('2023-01-24','e352ce68-dd34-4177-9846-2fe91472c8da','7cb0bffd-8c10-4e09-99d8-e6b82badb6fb','cucumber',5.33,1.50,8.00),('2023-03-26','e36c7143-3e64-404e-b80b-d93a75a961ac','538f3392-fee1-47a5-8dca-330d140b1750','brinjal',34.50,2.33,80.39),('2023-10-19','e374df30-74ea-444d-8fce-dc9a9a815051','97636c14-5842-4639-b70b-5ffe703b3b0c','strawberry',8.86,1.25,11.08),('2023-03-18','e3d4592e-b74e-4de4-82cb-fcb7db5acbbf','d4f655c4-4c4c-4914-b700-943ce16eba5a','milk',11.50,0.67,7.71),('2023-05-25','e5dd3c6b-fe8a-478d-87f6-9f022eef663d','76c1051a-975d-47ba-aa8e-052d329023a0','pistachio',13.00,0.67,8.71),('2022-12-09','e6015266-c355-410c-b2ab-c72676102684','0faf38e9-ee65-4f44-93d2-acb961624575','curd',10.43,1.83,19.09),('2023-05-30','e6248cea-3a13-472f-b605-bcc848e402fa','82d0b4aa-b35e-4430-9a6e-a3cd72e8c491','apple',4.33,0.86,3.72),('2023-03-30','e63f917a-f0c3-41d4-909c-0b9d215d5c97','0ed86746-eaed-4c97-80a2-a22858ea05cd','blackberry',19.20,6.50,124.80),('2023-04-20','e67ea0a3-d059-4a57-b9ce-b7541285c57e','77de013a-6e4b-4efa-90ac-9e4b65a18cf5','pistachio',13.00,2.50,32.50),('2023-08-01','e742fc37-5fbb-4779-a18d-adb6786e17d1','d4f655c4-4c4c-4914-b700-943ce16eba5a','strawberry',8.86,1.83,16.21),('2023-07-25','e7708249-56dd-4501-af60-69b8fdbcc092','5f6820b6-8d71-4987-8c9e-94295305309a','almonds',11.25,0.60,6.75),('2023-02-16','e7848dae-1d22-402a-a7ee-2aaa775dd6a2','77de013a-6e4b-4efa-90ac-9e4b65a18cf5','almonds',11.25,2.80,31.50),('2023-06-12','e78c6050-5591-46b3-b83c-472beb211e27','5ed30392-5cf2-476f-ad73-c2229279dfea','butter',15.50,1.00,15.50),('2023-07-09','e79168b5-7b4d-465c-8afa-bcaca2ffa792','ba52d612-8555-46f2-8050-a1fef8a78439','banana',8.88,5.50,48.84),('2023-10-01','e7ee431b-1625-4962-97da-1e74ea9fc8c0','eae48d90-7d36-4aae-a187-26cc2ffe64f4','butter',15.50,0.43,6.67),('2023-01-14','e7f74b0d-cb37-4320-a93e-18c4bc1815e7','40d2a4e2-8f64-47e9-a696-f33acb5a69ef','lemon',9.62,0.50,4.81),('2023-02-19','e80a9664-b115-4116-abaf-896429272c79','0faf38e9-ee65-4f44-93d2-acb961624575','brinjal',34.50,0.20,6.90),('2023-09-29','e80d6320-6506-42e2-8eb4-a7272084492d','3a51cafb-04dc-49c7-bfe0-7f811d13283b','carrot',6.12,0.83,5.08),('2023-01-04','e83215bd-ab6c-4fa8-b2ef-b1149f58b3cb','7cb0bffd-8c10-4e09-99d8-e6b82badb6fb','rice',7.40,0.62,4.59),('2023-06-02','e83416d5-74f3-44f3-adde-3c1f1601ad9e','5f6820b6-8d71-4987-8c9e-94295305309a','ghee',5.67,0.83,4.71),('2023-12-05','e835e2f8-f42f-4419-98c6-4481b547ab84','7a11d204-c115-48c7-9fdc-f6122148cfb7','milk',11.50,0.86,9.89),('2023-08-21','e85d4e86-786b-46b3-93c3-23216e636686','763285f4-634d-4811-a57a-8ea7e05757c8','strawberry',8.86,0.12,1.06),('2023-11-11','e87f447b-29c3-4221-9a97-9309a6c34fb3','e97572e6-9ac5-4b1e-b0b1-bf8710d5f980','pumpkin seeds',2.00,0.29,0.58),('2023-09-10','e890fa8f-cf23-47cf-bc38-91684763509a','08c35b48-4378-4871-8775-bd993dd0a356','cucumber',5.33,0.20,1.07),('2022-12-15','e8b0cbfd-241c-4076-a061-7fc491ad9500','cc47cb10-b758-40ad-be2f-a7da9bffa1f0','carrot',6.12,2.17,13.28),('2023-04-12','e8c00dee-3119-4b02-9f22-b7721574b592','d4f655c4-4c4c-4914-b700-943ce16eba5a','blueberry',9.50,1.50,14.25),('2023-11-29','e8d40ea3-af6f-47b5-adee-924d291289a8','b153bf67-1310-4675-bf23-b56b709d1657','pumpkin seeds',2.00,7.00,14.00),('2023-06-27','e8e4b538-ae6b-4e3c-b0d6-344befabcdce','1135e9ec-f9f8-4f53-b0a4-1c6da481373e','pumpkin seeds',2.00,6.00,12.00),('2022-12-15','e956c276-64fe-44e3-801e-803f1d6f195b','af1ff83c-c808-41d3-a3fe-0b6db514fab0','banana',8.88,1.38,12.25),('2023-07-04','e96155ee-c670-4140-9fa7-b6dab71d6ab6','665960dd-544f-4f02-8ee5-070e12ccc6d0','dry grapes',32.50,1.50,48.75),('2023-10-25','e981009a-0140-4133-ac36-f8f78d559ade','051f6c78-f81b-4ae7-a934-5c5ad00e8af6','blackberry',19.20,1.00,19.20),('2023-03-23','e98eb514-c854-4d27-869e-8de41391a071','44e038d5-48c0-4d10-aea4-9ab95c9f1984','rice',7.40,2.50,18.50),('2023-07-23','ea86210b-fa9e-4f17-9a07-1c5327e4dd4e','e97572e6-9ac5-4b1e-b0b1-bf8710d5f980','butter',15.50,0.75,11.63),('2023-07-13','ea902e17-3576-4377-bc7b-f65eb1a5e27f','2ac79cb7-7b13-4417-a44b-9283b6141a40','rice',7.40,1.12,8.29),('2023-01-18','ea97ecf5-dacc-4200-9934-cb02d3b2c5fc','77de013a-6e4b-4efa-90ac-9e4b65a18cf5','almonds',11.25,1.00,11.25),('2023-01-25','eb059074-b045-4b35-82cf-02651e35dd7d','0e7d649d-d5b3-46a9-99dc-fa71adffa087','apple',4.33,1.25,5.41),('2023-02-21','eb83a2c1-3379-4816-88b3-34a3a09977e9','e21ac68a-b78d-4565-a0a0-6736e997300e','strawberry',8.86,1.00,8.86),('2023-09-27','ec34dc3c-6018-4032-bd7d-939aa39217d0','5ed30392-5cf2-476f-ad73-c2229279dfea','cucumber',5.33,1.50,8.00),('2023-02-05','ec4c1fb3-7865-43cb-b236-132aea23e7a6','de4f8bdb-7678-4f30-ad05-501fcc4146de','dry grapes',32.50,1.00,32.50),('2023-01-05','ec8c6c80-5de5-4233-92b8-e4a17fb580c0','e97572e6-9ac5-4b1e-b0b1-bf8710d5f980','apple',4.33,0.25,1.08),('2023-01-23','ecbe494c-c6d7-4cf7-a086-507c5e999b49','44e038d5-48c0-4d10-aea4-9ab95c9f1984','lemon',9.62,2.33,22.41),('2023-07-28','ecc99693-8cf4-4aa4-b422-f001a0925910','e21ac68a-b78d-4565-a0a0-6736e997300e','lemon',9.62,2.00,19.24),('2023-10-06','ecdcf5a4-e3cb-47b3-bc88-b26af8ddbc2c','0faf38e9-ee65-4f44-93d2-acb961624575','milk',11.50,1.38,15.87),('2023-04-22','ecdfe5f0-96c8-4abb-ad30-a95f75ff9cbe','1135e9ec-f9f8-4f53-b0a4-1c6da481373e','brinjal',34.50,2.00,69.00),('2023-06-27','ed2e189c-f125-4502-a829-c022cee31d6d','0faf38e9-ee65-4f44-93d2-acb961624575','soyabean',22.33,3.00,66.99),('2023-07-11','ed4a6200-7c30-4046-b1fc-342c80757804','77de013a-6e4b-4efa-90ac-9e4b65a18cf5','brinjal',34.50,2.50,86.25),('2023-07-08','ed5200f6-20e2-4daa-9d5d-9517b448c0d2','cabb5150-dbaf-4ba7-bed5-3eed95beacdf','pistachio',13.00,2.00,26.00),('2023-05-20','edbd9829-c400-4417-9089-72f847b2eb0d','2ac79cb7-7b13-4417-a44b-9283b6141a40','butter',15.50,0.17,2.64),('2023-04-01','edcb0a01-2dc4-4e03-8626-92cf0e9bcb34','5ed30392-5cf2-476f-ad73-c2229279dfea','curd',10.43,5.50,57.37),('2023-11-22','edf3e203-a061-4552-80e6-642cc4fb9997','3794d7d9-b147-4703-873a-5d31c46a3d95','pumpkin seeds',2.00,2.00,4.00),('2023-03-22','ee1f37dd-1b2c-4750-90fb-deb1d9316c91','7ce4c1a0-8205-41de-a240-593cfefca140','butter',15.50,1.50,23.25),('2023-05-25','ee2d201e-67a2-4590-8a2b-c68a04edd6e8','97636c14-5842-4639-b70b-5ffe703b3b0c','curd',10.43,2.80,29.20),('2023-03-29','ee2eef95-b103-4aaf-bd69-0890c162aea5','ba52d612-8555-46f2-8050-a1fef8a78439','curd',10.43,0.38,3.96),('2023-02-14','ee398cb6-a878-49c4-b165-a7e3968c8619','af1ff83c-c808-41d3-a3fe-0b6db514fab0','ghee',5.67,1.00,5.67),('2023-01-16','ee4b7667-d0bc-4e12-bcd8-933ec5dba338','7cb0bffd-8c10-4e09-99d8-e6b82badb6fb','sunflower seeds',23.00,0.86,19.78),('2023-01-15','ee776984-411a-46c9-af52-b4f49aeee63e','ffe143b7-6839-41df-89bf-5aa48e2d5694','pistachio',13.00,1.50,19.50),('2023-01-02','eedf5dd8-333e-4c0e-8339-52c0310f3d77','08c35b48-4378-4871-8775-bd993dd0a356','cucumber',5.33,0.83,4.42),('2023-12-09','eee62366-70c1-4d14-a27b-05ecb9223153','de4f8bdb-7678-4f30-ad05-501fcc4146de','lemon',9.62,1.57,15.10),('2023-07-20','ef62fb79-d4e5-47d7-a0f2-4451cad2d333','af1ff83c-c808-41d3-a3fe-0b6db514fab0','blackberry',19.20,1.71,32.83),('2023-08-16','efa1bb06-20cf-4134-9d63-ff5055ed9cb3','763285f4-634d-4811-a57a-8ea7e05757c8','dry grapes',32.50,0.75,24.38),('2023-09-10','efbf8161-0370-4ec2-8eb5-e8ec0b7f2ae1','82d0b4aa-b35e-4430-9a6e-a3cd72e8c491','pistachio',13.00,2.80,36.40),('2023-01-28','f0e8ddd0-0f8a-406c-80dc-20c7a1066e7f','3d13a421-4f90-4935-90e3-c005179de331','strawberry',8.86,2.75,24.37),('2023-03-04','f1300b9d-ce1e-415e-95ed-55791818c353','cabb5150-dbaf-4ba7-bed5-3eed95beacdf','pistachio',13.00,2.25,29.25),('2023-11-18','f138c89e-9810-4472-bbce-6c5441681143','2ac79cb7-7b13-4417-a44b-9283b6141a40','milk',11.50,0.12,1.38),('2023-08-20','f13b0026-7d68-4c15-b883-b68021759853','cc47cb10-b758-40ad-be2f-a7da9bffa1f0','brinjal',34.50,1.75,60.38),('2023-10-03','f13e1240-cfb9-421b-87d1-faaba5a63f1a','30a6ccd2-d3d6-492a-a4cd-198d914b8031','cucumber',5.33,4.00,21.32),('2023-03-18','f19362ba-b331-483d-bd88-04b71c44a4be','7a11d204-c115-48c7-9fdc-f6122148cfb7','brinjal',34.50,1.00,34.50),('2023-04-04','f1b63da3-fee7-49eb-a4e1-a830096e0691','ad217cd0-0359-453d-b2ba-68e2d1101043','strawberry',8.86,1.88,16.66),('2023-01-12','f1e66638-90f8-4bff-b44e-7e87b24a77fc','e866fa0f-4938-4b37-8522-08e38a78b073','pumpkin seeds',2.00,1.43,2.86),('2023-05-28','f20fde67-3707-403b-afb8-855c241a3ab3','97636c14-5842-4639-b70b-5ffe703b3b0c','curd',10.43,0.88,9.18),('2022-12-28','f2195e30-2421-4169-8b77-eaa6f7ea8191','7cb0bffd-8c10-4e09-99d8-e6b82badb6fb','almonds',11.25,1.67,18.79),('2023-03-13','f243c52a-0293-44a7-b164-e85ce01fbe4e','3794d7d9-b147-4703-873a-5d31c46a3d95','dates',4.33,0.38,1.65),('2023-04-16','f3756a52-d6cb-4f38-9e0d-3f14b3ca60c6','714cf5bd-f887-4bb0-8c8e-d37c8fc57ed9','dates',4.33,0.60,2.60),('2023-07-04','f38c65a6-f0f0-4d3f-883a-457eccdcad49','0e7d649d-d5b3-46a9-99dc-fa71adffa087','dry grapes',32.50,4.67,151.78),('2023-05-06','f3d849f6-a4ce-4f05-a2fc-cdbb07dba8ea','82d0b4aa-b35e-4430-9a6e-a3cd72e8c491','carrot',6.12,2.00,12.24),('2023-09-06','f40fc0a6-126a-42ba-b00d-b19f51814cc5','ba52d612-8555-46f2-8050-a1fef8a78439','ghee',5.67,1.14,6.46),('2023-02-01','f4244b97-12a5-490d-991b-854003c5f787','3d13a421-4f90-4935-90e3-c005179de331','brinjal',34.50,7.00,241.50),('2023-08-05','f473d6c1-458f-4062-b14b-71e81cc64c12','e21ac68a-b78d-4565-a0a0-6736e997300e','ghee',5.67,0.50,2.84),('2023-08-30','f477c8ff-bbb9-4cdd-a565-e5caefdbb9d7','5ed30392-5cf2-476f-ad73-c2229279dfea','rice',7.40,2.00,14.80),('2023-06-22','f4812b03-a038-48f4-95f8-10192bdf9f09','1e2b9ac5-3313-4330-a106-ca0ad8437479','almonds',11.25,5.00,56.25),('2023-09-08','f4d2c2e2-dd16-42b4-86fa-fc3e713317a6','b4bccee7-8ae6-4624-bd84-a98ad13710ff','blackberry',19.20,2.50,48.00),('2023-09-15','f5b2ccd7-ec31-439e-ac93-9e6f1aee9d88','97636c14-5842-4639-b70b-5ffe703b3b0c','butter',15.50,0.43,6.67),('2023-10-06','f647be86-08df-46bb-93a1-42daea08cb64','3a51cafb-04dc-49c7-bfe0-7f811d13283b','blackberry',19.20,1.29,24.77),('2023-03-31','f6b983c5-37f6-4354-aad3-44b580a9baf5','97636c14-5842-4639-b70b-5ffe703b3b0c','milk',11.50,4.50,51.75),('2023-11-02','f6be274a-02b1-4efe-a7db-654d4d70640d','ba52d612-8555-46f2-8050-a1fef8a78439','banana',8.88,0.33,2.93),('2023-06-29','f6ff1a21-1aa1-4b70-a638-1b14831b5c7d','ffe143b7-6839-41df-89bf-5aa48e2d5694','blueberry',9.50,3.00,28.50),('2023-05-03','f75f3b7d-65f8-40c1-98cd-954351030024','eae48d90-7d36-4aae-a187-26cc2ffe64f4','lemon',9.62,2.00,19.24),('2023-02-16','f7eec5bf-4d0a-4158-88c1-6c80c52c0a11','0ed86746-eaed-4c97-80a2-a22858ea05cd','blueberry',9.50,2.67,25.37),('2023-05-18','f7f11c80-3133-4a80-a66f-66e93c5df6bc','051f6c78-f81b-4ae7-a934-5c5ad00e8af6','carrot',6.12,4.33,26.50),('2023-02-21','f8020cfa-a553-40a3-adaa-26fb42cddfb5','0faf38e9-ee65-4f44-93d2-acb961624575','lemon',9.62,6.50,62.53),('2023-08-29','f924d2c1-edcb-4fd3-b0cc-c3d68514dacb','eae48d90-7d36-4aae-a187-26cc2ffe64f4','brinjal',34.50,2.75,94.88),('2023-10-16','f96cd016-b3d7-43e9-8733-0b36a86fbd7e','af1ff83c-c808-41d3-a3fe-0b6db514fab0','pumpkin seeds',2.00,5.50,11.00),('2023-10-17','f995bad1-ea08-4295-806c-06be2ceae170','051f6c78-f81b-4ae7-a934-5c5ad00e8af6','sunflower seeds',23.00,6.00,138.00),('2023-11-24','f9f75a8b-17ed-4c55-ba60-254cd6c78f14','76c1051a-975d-47ba-aa8e-052d329023a0','lemon',9.62,1.75,16.84),('2023-12-06','fa367711-4fb2-4fa7-bd5e-6c92682d04fd','b4bccee7-8ae6-4624-bd84-a98ad13710ff','cucumber',5.33,1.20,6.40),('2022-12-14','fa554da8-ca40-4cc2-a08d-b3a0c7341e2a','5ed30392-5cf2-476f-ad73-c2229279dfea','milk',11.50,0.86,9.89),('2023-04-12','fa6254d4-d7d0-4252-9b35-7712d8eef9fb','ad217cd0-0359-453d-b2ba-68e2d1101043','rice',7.40,0.38,2.81),('2023-03-19','fa95297f-eaf4-4b67-b42c-5b70b577bdd2','5d55b81b-ad78-4f9d-ad51-294253ff9d69','curd',10.43,1.20,12.52),('2023-03-23','fae99ced-64a3-4eff-bf0e-16d7760066f7','40d2a4e2-8f64-47e9-a696-f33acb5a69ef','rice',7.40,2.33,17.24),('2023-02-08','fb2e2efa-832c-427e-b964-899635678d1d','97636c14-5842-4639-b70b-5ffe703b3b0c','brinjal',34.50,1.14,39.33),('2023-05-17','fb7097bf-3daa-435f-9f81-d5b065a8984c','5f6820b6-8d71-4987-8c9e-94295305309a','banana',8.88,1.83,16.25),('2023-01-26','fbd84432-618b-4dee-86e5-5fb4cfcea29a','ac40626d-0f62-47d2-a8c7-ba3d0dc0b8fd','dry grapes',32.50,0.38,12.35),('2023-11-04','fbd89d9c-66fd-4555-b53e-a1315d034b00','e21ac68a-b78d-4565-a0a0-6736e997300e','blueberry',9.50,1.25,11.88),('2023-09-20','fce176f8-791c-4836-b30c-746b79e4f25a','b4bccee7-8ae6-4624-bd84-a98ad13710ff','ghee',5.67,1.50,8.51),('2023-11-06','fd20df2a-84f4-475a-a299-499bb4d40b08','0e7d649d-d5b3-46a9-99dc-fa71adffa087','cucumber',5.33,0.50,2.67),('2023-10-02','fd615906-b6bb-498a-adc8-f4f3a8f3887d','5d55b81b-ad78-4f9d-ad51-294253ff9d69','cashew nuts',7.67,2.00,15.34),('2023-11-14','fd681245-d007-474e-827f-e283c9622be6','3fc13a08-d298-4b38-82cc-e5f147a2ff71','carrot',6.12,1.29,7.89),('2023-03-08','fd68f290-af2e-4b05-8d79-055402f9303e','b153bf67-1310-4675-bf23-b56b709d1657','dry grapes',32.50,0.33,10.73),('2023-05-12','fd69df25-5f33-48ea-9df4-20ebe0513cde','cabb5150-dbaf-4ba7-bed5-3eed95beacdf','brinjal',34.50,1.00,34.50),('2023-01-27','fe036710-f20d-4ed7-bc54-5874878748de','3a51cafb-04dc-49c7-bfe0-7f811d13283b','soyabean',22.33,1.33,29.70),('2023-05-21','fe29b52d-8cb9-4ba9-a3f5-f80593fc288d','ffe143b7-6839-41df-89bf-5aa48e2d5694','ghee',5.67,1.20,6.80),('2023-07-05','fe7ece06-59ce-4e5a-88e9-98e4202346c3','eae48d90-7d36-4aae-a187-26cc2ffe64f4','lemon',9.62,1.83,17.60),('2023-08-17','fe8e398e-bff2-4d3f-a423-272f7ba1a7f0','eae48d90-7d36-4aae-a187-26cc2ffe64f4','dry grapes',32.50,2.00,65.00),('2023-06-15','fe9bf5da-4fe4-4796-a8af-5c9fb567ad64','e97572e6-9ac5-4b1e-b0b1-bf8710d5f980','soyabean',22.33,2.50,55.83),('2023-01-06','feacadb9-78c0-445c-826c-4ffe818c5e9b','ffe143b7-6839-41df-89bf-5aa48e2d5694','butter',15.50,0.33,5.12),('2023-09-22','feb27ce3-2dff-4c9e-8293-0d728b6baddb','3a51cafb-04dc-49c7-bfe0-7f811d13283b','carrot',6.12,2.67,16.34),('2023-01-11','ff14c363-7af5-4043-8b91-b551f71a6cd5','051f6c78-f81b-4ae7-a934-5c5ad00e8af6','pumpkin seeds',2.00,2.14,4.28),('2023-04-26','ff293b62-dcb3-4a93-a8d6-9d276a08b06e','3a51cafb-04dc-49c7-bfe0-7f811d13283b','curd',10.43,1.50,15.65),('2023-03-19','ff3b28cc-6944-4ec1-abb1-88a54bee9b75','e21ac68a-b78d-4565-a0a0-6736e997300e','soyabean',22.33,3.67,81.95),('2023-06-26','ff45629c-010f-4344-9fcf-5440e93c46cc','1e2b9ac5-3313-4330-a106-ca0ad8437479','sunflower seeds',23.00,0.60,13.80),('2023-11-20','ff4e1912-bb2f-4559-91c5-340ea422be0d','ad217cd0-0359-453d-b2ba-68e2d1101043','banana',8.88,2.14,19.00),('2023-02-12','ff6e5bd3-8869-4234-8502-c64fe85d1d7e','30a6ccd2-d3d6-492a-a4cd-198d914b8031','pistachio',13.00,2.17,28.21),('2023-11-12','ffda7e46-c32e-4d58-82d7-708fd76cc8de','538f3392-fee1-47a5-8dca-330d140b1750','dry grapes',32.50,0.86,27.95),('2023-10-24','ffe2c5ed-a339-4b3f-8300-a54cc4c5c534','763285f4-634d-4811-a57a-8ea7e05757c8','curd',10.43,1.50,15.65);
/*!40000 ALTER TABLE `transactions` ENABLE KEYS */;
UNLOCK TABLES;

--
-- Dumping routines for database 'sales'
--
/*!50003 DROP FUNCTION IF EXISTS `calcualte_cost` */;
/*!50003 SET @saved_cs_client      = @@character_set_client */ ;
/*!50003 SET @saved_cs_results     = @@character_set_results */ ;
/*!50003 SET @saved_col_connection = @@collation_connection */ ;
/*!50003 SET character_set_client  = utf8mb4 */ ;
/*!50003 SET character_set_results = utf8mb4 */ ;
/*!50003 SET collation_connection  = utf8mb4_0900_ai_ci */ ;
/*!50003 SET @saved_sql_mode       = @@sql_mode */ ;
/*!50003 SET sql_mode              = 'ONLY_FULL_GROUP_BY,STRICT_TRANS_TABLES,NO_ZERO_IN_DATE,NO_ZERO_DATE,ERROR_FOR_DIVISION_BY_ZERO,NO_ENGINE_SUBSTITUTION' */ ;
DELIMITER ;;
CREATE DEFINER=`root`@`localhost` FUNCTION `calcualte_cost`(item text, quantity decimal(10,2)) RETURNS decimal(10,2)
    DETERMINISTIC
BEGIN RETURN (select price*quantity as cost from rate where name=item) ; END ;;
DELIMITER ;
/*!50003 SET sql_mode              = @saved_sql_mode */ ;
/*!50003 SET character_set_client  = @saved_cs_client */ ;
/*!50003 SET character_set_results = @saved_cs_results */ ;
/*!50003 SET collation_connection  = @saved_col_connection */ ;
/*!50003 DROP PROCEDURE IF EXISTS `data_test` */;
/*!50003 SET @saved_cs_client      = @@character_set_client */ ;
/*!50003 SET @saved_cs_results     = @@character_set_results */ ;
/*!50003 SET @saved_col_connection = @@collation_connection */ ;
/*!50003 SET character_set_client  = utf8mb4 */ ;
/*!50003 SET character_set_results = utf8mb4 */ ;
/*!50003 SET collation_connection  = utf8mb4_0900_ai_ci */ ;
/*!50003 SET @saved_sql_mode       = @@sql_mode */ ;
/*!50003 SET sql_mode              = 'ONLY_FULL_GROUP_BY,STRICT_TRANS_TABLES,NO_ZERO_IN_DATE,NO_ZERO_DATE,ERROR_FOR_DIVISION_BY_ZERO,NO_ENGINE_SUBSTITUTION' */ ;
DELIMITER ;;
CREATE DEFINER=`root`@`localhost` PROCEDURE `data_test`()
BEGIN with test1 as (select id, count(1) from customers group by id having count(1) > 1), test2 as (select transactionid, count(1) from transactions group by transactionid having count(1) > 1 ), test3 as (select name, count(1) from rate group by name having count(1) > 1 ), test4 as (select * from transactions where saledate is null or customer_id is null or item is null or rate is null or quantity is null or total is null or transactionid is null or cast(saledate as char)='' or customer_id='' or item='' or rate='' or quantity='' or total='' or transactionid='' ), test5 as (select * from customers where id is null or id='' or email is null or email='' or name is null or name = ''), test6 as (select * from rate where name is null or price is null or name='' or price=''), test7 as (select transactionid, item, rate from transactions t join rate r on t.item=r.name where t.rate <> r.price ), test8 as (select transactionid, rate, quantity, total from transactions where round((rate * quantity),2) <> round(total,2) ), test9 as (select a.transactionid, a.saledate, a.item, a.customer_id, a.rate, a.quantity, a.total from transactions a where exists (select b.customer_id, b.item, b.saledate from transactions b where a.customer_id=b.customer_id and a.saledate=b.saledate and a.item=b.item group by b.customer_id, b.item, b.saledate having count(1) > 1 ) order by customer_id, saledate, item), test10 as (select item from transactions where not exists (select name from rate) ) select 'TEST 1' test_case_id, 'duplicate customer records in customers table' message, count(*) records, case when count(*)=0 then 'PASS' else 'FAIL' end as result from test1 union all select 'TEST 2' test_case_id, 'duplicate records in transaction table' message, count(*) records, case when count(*)=0 then 'PASS' else 'FAIL' end as result from test2 union all select 'TEST 3' test_case_id, 'duplicate entries in rate table' message, count(*) records, case when count(*)=0 then 'PASS' else 'FAIL' end as result from test3 union all select 'TEST 4' test_case_id, 'null data' message, count(*) records, case when count(*)=0 then 'PASS' else 'FAIL' end as result from test4 union all select 'TEST 5' test_case_id, 'null data' message, count(*) records, case when count(*)=0 then 'PASS' else 'FAIL' end as result from test5 union all select 'TEST 6' test_case_id, 'null data' message, count(*) records, case when count(*)=0 then 'PASS' else 'FAIL' end as result from test6 union all select 'TEST 7' test_case_id, 'item from transactions not having the correct amount' message, count(*) records, case when count(*)=0 then 'PASS' else 'FAIL' end as result from test7 union all select 'TEST 8' test_case_id, 'total amount is calculated correctly ?' message, count(*) records, case when count(*)=0 then 'PASS' else 'FAIL' end as result from test8 union all select 'TEST 9' test_case_id, 'same item bought by same person on the same day' message, count(*) records, case when count(*)=0 then 'PASS' else 'FAIL' end as result from test9 union all select distinct 'TEST 10' test_case_id, 'unexpected item' message, count(*) records, case when count(*)=0 then 'PASS' else 'FAIL' end as result from test10  ; END ;;
DELIMITER ;
/*!50003 SET sql_mode              = @saved_sql_mode */ ;
/*!50003 SET character_set_client  = @saved_cs_client */ ;
/*!50003 SET character_set_results = @saved_cs_results */ ;
/*!50003 SET collation_connection  = @saved_col_connection */ ;
/*!50003 DROP PROCEDURE IF EXISTS `merge_same_purchase` */;
/*!50003 SET @saved_cs_client      = @@character_set_client */ ;
/*!50003 SET @saved_cs_results     = @@character_set_results */ ;
/*!50003 SET @saved_col_connection = @@collation_connection */ ;
/*!50003 SET character_set_client  = utf8mb4 */ ;
/*!50003 SET character_set_results = utf8mb4 */ ;
/*!50003 SET collation_connection  = utf8mb4_0900_ai_ci */ ;
/*!50003 SET @saved_sql_mode       = @@sql_mode */ ;
/*!50003 SET sql_mode              = 'ONLY_FULL_GROUP_BY,STRICT_TRANS_TABLES,NO_ZERO_IN_DATE,NO_ZERO_DATE,ERROR_FOR_DIVISION_BY_ZERO,NO_ENGINE_SUBSTITUTION' */ ;
DELIMITER ;;
CREATE DEFINER=`root`@`localhost` PROCEDURE `merge_same_purchase`()
BEGIN drop table if exists `same purchases` ; create temporary table `same purchases` select a.transactionid, a.saledate, a.item, a.customer_id, a.rate, a.quantity, a.total from transactions a where exists (select b.customer_id, b.item, b.saledate from transactions b where a.customer_id=b.customer_id and a.saledate=b.saledate and a.item=b.item group by b.customer_id, b.item, b.saledate having count(1) > 1 ) order by customer_id, saledate, item; select * from `same purchases` ; delete from transactions where transactionid in (select transactionid from `same purchases`) ; insert into transactions (transactionid, saledate, item, customer_id, rate, quantity, total) select transactionid, saledate, item, customer_id, rate, quantity, total from (select transactionid, saledate, item, customer_id, rate, sum(quantity) over(partition by customer_id, saledate, item) quantity, sum(total) over(partition by customer_id, saledate, item) total, row_number() over(partition by customer_id, saledate, item) rn from `same purchases`) x where rn=1 ; END ;;
DELIMITER ;
/*!50003 SET sql_mode              = @saved_sql_mode */ ;
/*!50003 SET character_set_client  = @saved_cs_client */ ;
/*!50003 SET character_set_results = @saved_cs_results */ ;
/*!50003 SET collation_connection  = @saved_col_connection */ ;
/*!50003 DROP PROCEDURE IF EXISTS `new transaction` */;
/*!50003 SET @saved_cs_client      = @@character_set_client */ ;
/*!50003 SET @saved_cs_results     = @@character_set_results */ ;
/*!50003 SET @saved_col_connection = @@collation_connection */ ;
/*!50003 SET character_set_client  = utf8mb4 */ ;
/*!50003 SET character_set_results = utf8mb4 */ ;
/*!50003 SET collation_connection  = utf8mb4_0900_ai_ci */ ;
/*!50003 SET @saved_sql_mode       = @@sql_mode */ ;
/*!50003 SET sql_mode              = 'ONLY_FULL_GROUP_BY,STRICT_TRANS_TABLES,NO_ZERO_IN_DATE,NO_ZERO_DATE,ERROR_FOR_DIVISION_BY_ZERO,NO_ENGINE_SUBSTITUTION' */ ;
DELIMITER ;;
CREATE DEFINER=`root`@`localhost` PROCEDURE `new transaction`(cust_id text, item text, quantity decimal(10,2))
BEGIN insert into transactions (saledate, transactionid, customer_id, item, rate, quantity, total) values (cast(now() as date), uuid(), cust_id, item, (select price from rate where name=item), quantity, (select quantity*(select price from rate where name=item))) ; END ;;
DELIMITER ;
/*!50003 SET sql_mode              = @saved_sql_mode */ ;
/*!50003 SET character_set_client  = @saved_cs_client */ ;
/*!50003 SET character_set_results = @saved_cs_results */ ;
/*!50003 SET collation_connection  = @saved_col_connection */ ;

--
-- Current Database: `sales`
--

USE `sales`;

--
-- Final view structure for view `count of sales by customer`
--

/*!50001 DROP VIEW IF EXISTS `count of sales by customer`*/;
/*!50001 SET @saved_cs_client          = @@character_set_client */;
/*!50001 SET @saved_cs_results         = @@character_set_results */;
/*!50001 SET @saved_col_connection     = @@collation_connection */;
/*!50001 SET character_set_client      = utf8mb4 */;
/*!50001 SET character_set_results     = utf8mb4 */;
/*!50001 SET collation_connection      = utf8mb4_0900_ai_ci */;
/*!50001 CREATE ALGORITHM=UNDEFINED */
/*!50013 DEFINER=`root`@`localhost` SQL SECURITY DEFINER */
/*!50001 VIEW `count of sales by customer` AS select `transactions`.`customer_id` AS `customer_id`,year(`transactions`.`saledate`) AS `year`,month(`transactions`.`saledate`) AS `month`,count(0) AS `purchases` from `transactions` group by `transactions`.`customer_id`,year(`transactions`.`saledate`),month(`transactions`.`saledate`) */;
/*!50001 SET character_set_client      = @saved_cs_client */;
/*!50001 SET character_set_results     = @saved_cs_results */;
/*!50001 SET collation_connection      = @saved_col_connection */;

--
-- Final view structure for view `new customers by month`
--

/*!50001 DROP VIEW IF EXISTS `new customers by month`*/;
/*!50001 SET @saved_cs_client          = @@character_set_client */;
/*!50001 SET @saved_cs_results         = @@character_set_results */;
/*!50001 SET @saved_col_connection     = @@collation_connection */;
/*!50001 SET character_set_client      = utf8mb4 */;
/*!50001 SET character_set_results     = utf8mb4 */;
/*!50001 SET collation_connection      = utf8mb4_0900_ai_ci */;
/*!50001 CREATE ALGORITHM=UNDEFINED */
/*!50013 DEFINER=`root`@`localhost` SQL SECURITY DEFINER */
/*!50001 VIEW `new customers by month` AS with `customer_list` as (select distinct year(`transactions`.`saledate`) AS `year`,month(`transactions`.`saledate`) AS `month`,`transactions`.`customer_id` AS `customer_id`,row_number() OVER (PARTITION BY `transactions`.`customer_id` ORDER BY year(`transactions`.`saledate`),month(`transactions`.`saledate`) )  AS `cust_rn` from `transactions`) select `customer_list`.`year` AS `year`,`customer_list`.`month` AS `month`,count(distinct `customer_list`.`customer_id`) AS `new_customers` from `customer_list` where (`customer_list`.`cust_rn` = 1) group by `customer_list`.`year`,`customer_list`.`month` order by `customer_list`.`year`,`customer_list`.`month` */;
/*!50001 SET character_set_client      = @saved_cs_client */;
/*!50001 SET character_set_results     = @saved_cs_results */;
/*!50001 SET collation_connection      = @saved_col_connection */;
/*!40103 SET TIME_ZONE=@OLD_TIME_ZONE */;

/*!40101 SET SQL_MODE=@OLD_SQL_MODE */;
/*!40014 SET FOREIGN_KEY_CHECKS=@OLD_FOREIGN_KEY_CHECKS */;
/*!40014 SET UNIQUE_CHECKS=@OLD_UNIQUE_CHECKS */;
/*!40101 SET CHARACTER_SET_CLIENT=@OLD_CHARACTER_SET_CLIENT */;
/*!40101 SET CHARACTER_SET_RESULTS=@OLD_CHARACTER_SET_RESULTS */;
/*!40101 SET COLLATION_CONNECTION=@OLD_COLLATION_CONNECTION */;
/*!40111 SET SQL_NOTES=@OLD_SQL_NOTES */;

-- Dump completed on 2023-12-10  3:02:17
